type,results_id,results_card_info_name,results_card_info_clean_name,results_card_info_set_name,results_card_info_set_code,results_card_info_set_id,results_card_info_card_number,results_card_info_rarity,results_card_info_card_type,results_card_info_hp,results_card_info_stage,results_card_info_card_text,results_card_info_attacks,results_card_info_weakness,results_card_info_resistance,results_card_info_retreat_cost,results_tcgplayer_prices,results_tcgplayer_url,results_cardmarket_product_name,results_cardmarket_prices,results_cardmarket_product_url
Card,pk_2c408dd15af7bfa4fedf80caa3bb050a7685d0f7b0e7da5a6e9df74dd766d05fbfac1eb9ad9580fde76b0427cda741b2,Black Belt's Training,Black Belts Training,ME: Ascended Heroes,ASC,24541,255/217,Ultra Rare,,,,,[],,,,"[{'low_price': 0.49, 'mid_price': 1.41, 'high_price': 4321, 'updated_at': '2026-06-13T08:16:22.643322', 'market_price': 0.93, 'direct_low_price': None, 'sub_type_name': 'Holofoil'}]",https://www.tcgplayer.com/product/676067,Black Belt's Training,"[{'avg': 1.08, 'low': 0.15, 'avg1': 1.25, 'avg7': 1.09, 'avg30': 1.11, 'trend': 1.14, 'updated_at': '2026-06-13T07:53:19.767457', 'variant_type': 'normal'}, {'avg': None, 'low': None, 'avg1': None, 'avg7': None, 'avg30': None, 'trend': 0, 'updated_at': '2026-06-13T07:53:19.767457', 'variant_type': 'holo'}]",https://www.cardmarket.com/en/Pokemon/Products/Singles/Ascended-Heroes/Black-Belts-Training-ASC256
Card,pk_c33ae71fa5e1949d382017955e849ff382b3dc2bb8ed41283f34c027210d5734fc055a4af3a49e4840587b50fe95d2d6,Counter Gain - 259/217,Counter Gain,ME: Ascended Heroes,ASC,24541,259/217,Ultra Rare,,,,,[],,,,"[{'low_price': 0.22, 'mid_price': 0.79, 'high_price': 99.9, 'updated_at': '2026-06-13T08:16:22.643322', 'market_price': 0.65, 'direct_low_price': None, 'sub_type_name': 'Holofoil'}]",https://www.tcgplayer.com/product/676071,Counter Gain,"[{'avg': 0.61, 'low': 0.05, 'avg1': 0.55, 'avg7': 0.59, 'avg30': 0.62, 'trend': 0.62, 'updated_at': '2026-06-13T07:53:19.767457', 'variant_type': 'normal'}, {'avg': None, 'low': None, 'avg1': None, 'avg7': None, 'avg30': None, 'trend': 0, 'updated_at': '2026-06-13T07:53:19.767457', 'variant_type': 'holo'}]",https://www.cardmarket.com/en/Pokemon/Products/Singles/Ascended-Heroes/Counter-Gain-V2-ASC259
Card,pk_d1d93b689ac607621de93e36b76a8542b837b5338e95c07e9b30cb87e9efbe4327a54fb99de12b94fc013e39b7bca58f,Surfer - 293/217,Surfer,ME: Ascended Heroes,ASC,24541,293/217,Special Illustration Rare,,,,,[],,,,"[{'low_price': 28.62, 'mid_price': 32.69, 'high_price': 371.9, 'updated_at': '2026-06-13T08:16:22.643322', 'market_price': 30.46, 'direct_low_price': None, 'sub_type_name': 'Holofoil'}]",https://www.tcgplayer.com/product/676105,Surfer,"[{'avg': 18.45, 'low': 8, 'avg1': 19.77, 'avg7': 18.78, 'avg30': 17.85, 'trend': 19.86, 'updated_at': '2026-06-13T07:53:19.767457', 'variant_type': 'normal'}, {'avg': None, 'low': None, 'avg1': None, 'avg7': None, 'avg30': None, 'trend': 0, 'updated_at': '2026-06-13T07:53:19.767457', 'variant_type': 'holo'}]",https://www.cardmarket.com/en/Pokemon/Products/Singles/Ascended-Heroes/Surfer-V2-ASC293
Card,pk_d3cccff31b86c7b2745b0ad372fcce08195fde5ee810313aa913179f16dacbaec2523b9e03c63c4eaf321aa3a344dbb5,Slurpuff - 236/217,Slurpuff,ME: Ascended Heroes,ASC,24541,236/217,Illustration Rare,Psychic,,,,[],,,,"[{'low_price': 8.5, 'mid_price': 10.43, 'high_price': 4321, 'updated_at': '2026-06-13T08:16:22.643322', 'market_price': 9.57, 'direct_low_price': None, 'sub_type_name': 'Holofoil'}]",https://www.tcgplayer.com/product/676048,Slurpuff,"[{'avg': 3.44, 'low': 1.2, 'avg1': 3.28, 'avg7': 3.46, 'avg30': 3.49, 'trend': 3.81, 'updated_at': '2026-06-13T07:53:19.767457', 'variant_type': 'normal'}, {'avg': None, 'low': None, 'avg1': None, 'avg7': None, 'avg30': None, 'trend': 0, 'updated_at': '2026-06-13T07:53:19.767457', 'variant_type': 'holo'}]",https://www.cardmarket.com/en/Pokemon/Products/Singles/Ascended-Heroes/Slurpuff-V2-ASC236
Card,pk_848feaf0e1b6916f257edbe47cab7b9e37933eb82dd607a5a3a2c6818d6a036ea25a75d05bc48e3cc4f27a89004bab5d,Canari - 291/217,Canari,ME: Ascended Heroes,ASC,24541,291/217,Special Illustration Rare,,,,,[],,,,"[{'low_price': 45, 'mid_price': 54.99, 'high_price': 449.9, 'updated_at': '2026-06-13T08:16:22.643322', 'market_price': 47.78, 'direct_low_price': None, 'sub_type_name': 'Holofoil'}]",https://www.tcgplayer.com/product/676103,Canari,"[{'avg': 26.7, 'low': 16, 'avg1': 27.45, 'avg7': 27.77, 'avg30': 26.63, 'trend': 27.4, 'updated_at': '2026-06-13T07:53:19.767457', 'variant_type': 'normal'}, {'avg': None, 'low': None, 'avg1': None, 'avg7': None, 'avg30': None, 'trend': 0, 'updated_at': '2026-06-13T07:53:19.767457', 'variant_type': 'holo'}]",https://www.cardmarket.com/en/Pokemon/Products/Singles/Ascended-Heroes/Canari-V3-ASC292
Card,pk_a997c435954c9265e224167faac1346407d9127933dde6f8309d8086013cf55be74f9af3bf25cf8afdbae5a4cd1222b2,Erika's Tangela - 218/217,Erika's Tangela,ME: Ascended Heroes,ASC,24541,218/217,Illustration Rare,Grass,,,,[],,,,"[{'low_price': 25.79, 'mid_price': 30, 'high_price': 4321, 'updated_at': '2026-06-13T08:16:22.643322', 'market_price': 27.34, 'direct_low_price': 28, 'sub_type_name': 'Holofoil'}]",https://www.tcgplayer.com/product/676030,Erika's Tangela,"[{'avg': 15.6, 'low': 5.9, 'avg1': 15.18, 'avg7': 15.15, 'avg30': 14.9, 'trend': 16.8, 'updated_at': '2026-06-13T07:53:19.767457', 'variant_type': 'normal'}, {'avg': None, 'low': None, 'avg1': None, 'avg7': None, 'avg30': None, 'trend': 0, 'updated_at': '2026-06-13T07:53:19.767457', 'variant_type': 'holo'}]",https://www.cardmarket.com/en/Pokemon/Products/Singles/Ascended-Heroes/Erikas-Tangela-V2-ASC218
Card,pk_b103f1f9186909c48a71aebf0ebf796f8af8f02628bf978827234dbb0360723ee15e58e0120d45781ca3c4fffb6e40,Beautifly - 013/217,Beautifly,ME: Ascended Heroes,ASC,24541,013/217,Uncommon,Grass,,,,[],,,,"[{'low_price': 0.01, 'mid_price': 0.15, 'high_price': 19.98, 'updated_at': '2026-06-13T08:16:22.643322', 'market_price': 0.06, 'direct_low_price': 0.01, 'sub_type_name': 'Normal'}]",https://www.tcgplayer.com/product/675825,Beautifly,"[{'avg': 0.04, 'low': 0.02, 'avg1': 0.03, 'avg7': 0.04, 'avg30': 0.04, 'trend': 0.03, 'updated_at': '2026-06-13T07:53:19.767457', 'variant_type': 'normal'}, {'avg': None, 'low': None, 'avg1': None, 'avg7': None, 'avg30': None, 'trend': 0, 'updated_at': '2026-06-13T07:53:19.767457', 'variant_type': 'holo'}]",https://www.cardmarket.com/en/Pokemon/Products/Singles/Ascended-Heroes/Beautifly-V1-ASC013
Card,pk_c18aab117831c77a6bc1d8eaa714fc3c04942eb972a6cf0c61c9a07ac2b169048527f46adb7c4eb1447aaf9ee930d063,Mega Scrafty ex - 285/217,Mega Scrafty ex,ME: Ascended Heroes,ASC,24541,285/217,Special Illustration Rare,Darkness,,,,[],,,,"[{'low_price': 71.01, 'mid_price': 79.99, 'high_price': 4321, 'updated_at': '2026-06-13T08:16:22.643322', 'market_price': 76.46, 'direct_low_price': None, 'sub_type_name': 'Holofoil'}]",https://www.tcgplayer.com/product/676097,Mega Scrafty ex,"[{'avg': None, 'low': None, 'avg1': None, 'avg7': None, 'avg30': None, 'trend': 0, 'updated_at': '2026-06-13T07:53:19.767457', 'variant_type': 'holo'}, {'avg': 39.09, 'low': 27, 'avg1': 44.2, 'avg7': 40.84, 'avg30': 38.73, 'trend': 44.63, 'updated_at': '2026-06-13T07:53:19.767457', 'variant_type': 'normal'}]",https://www.cardmarket.com/en/Pokemon/Products/Singles/Ascended-Heroes/Mega-Scrafty-ex-V3-ASC285
Card,pk_fa30a6fefbee81f78d2a86fc87c8d0550abf299d40114a150a021f7b0fcba64d5bc8b1abdc99e77abc577bdd329b,Erika's Gloom,Erikas Gloom,ME: Ascended Heroes,ASC,24541,002/217,Uncommon,Grass,,,,[],,,,"[{'low_price': 0.01, 'mid_price': 0.17, 'high_price': 19.98, 'updated_at': '2026-06-14T08:36:45.258668', 'market_price': 0.12, 'direct_low_price': 0.01, 'sub_type_name': 'Normal'}]",https://www.tcgplayer.com/product/675814,Erika's Gloom,"[{'avg': 0.04, 'low': 0.02, 'avg1': 0.03, 'avg7': 0.04, 'avg30': 0.03, 'trend': 0.04, 'updated_at': '2026-06-14T08:19:40.768659', 'variant_type': 'normal'}, {'avg': None, 'low': None, 'avg1': None, 'avg7': None, 'avg30': None, 'trend': 0, 'updated_at': '2026-06-14T08:19:40.768659', 'variant_type': 'holo'}]",https://www.cardmarket.com/en/Pokemon/Products/Singles/Ascended-Heroes/Erikas-Gloom-ASC002
Card,pk_491c77401f5518e863b184af027d063ffbbe17977005fc3a63c0d0a631c9ac3c58463fe937bc1adafb0003578f902b38,Mega Hawlucha ex - 268/217,Mega Hawlucha ex,ME: Ascended Heroes,ASC,24541,268/217,Mega Attack Rare,Fighting,,,,[],,,,"[{'low_price': 6.53, 'mid_price': 9.28, 'high_price': 99.9, 'updated_at': '2026-06-13T08:16:22.643322', 'market_price': 7.85, 'direct_low_price': None, 'sub_type_name': 'Holofoil'}]",https://www.tcgplayer.com/product/676080,Mega Hawlucha ex,"[{'avg': 4.47, 'low': 1.9, 'avg1': 4.35, 'avg7': 4.43, 'avg30': 4.55, 'trend': 4.44, 'updated_at': '2026-06-13T07:53:19.767457', 'variant_type': 'normal'}, {'avg': None, 'low': None, 'avg1': None, 'avg7': None, 'avg30': None, 'trend': 0, 'updated_at': '2026-06-13T07:53:19.767457', 'variant_type': 'holo'}]",https://www.cardmarket.com/en/Pokemon/Products/Singles/Ascended-Heroes/Mega-Hawlucha-ex-V2-ASC268
Card,pk_0caac08f6b1cbe09d28a9e4fc14597f967f2cb3eee4d16a7966f635d598c9005bc2dac9436097829d5e602526883993a,Mega Emboar ex - 273/217,Mega Emboar ex,ME: Ascended Heroes,ASC,24541,273/217,Special Illustration Rare,Fire,,,,[],,,,"[{'low_price': 66.99, 'mid_price': 81.65, 'high_price': 849.9, 'updated_at': '2026-06-13T08:16:22.643322', 'market_price': 73.5, 'direct_low_price': 74.98, 'sub_type_name': 'Holofoil'}]",https://www.tcgplayer.com/product/676085,Mega Emboar ex,"[{'avg': 48.96, 'low': 27.5, 'avg1': 51.17, 'avg7': 48.99, 'avg30': 48.52, 'trend': 48.58, 'updated_at': '2026-06-13T07:53:19.767457', 'variant_type': 'normal'}, {'avg': None, 'low': None, 'avg1': None, 'avg7': None, 'avg30': None, 'trend': 0, 'updated_at': '2026-06-13T07:53:19.767457', 'variant_type': 'holo'}]",https://www.cardmarket.com/en/Pokemon/Products/Singles/Ascended-Heroes/Mega-Emboar-ex-V2-ASC273
Card,pk_d2199e3d534e8016e5b82f1019133f40f101df60e92d5792604584a815226f1f344439a9c7818b1d2ed99d09fcfd32,Ethan's Ho-Oh ex,Ethans Ho Oh ex,ME: Ascended Heroes,ASC,24541,026/217,Double Rare,Fire,,,,[],,,,"[{'low_price': 0.37, 'mid_price': 0.78, 'high_price': 4321, 'updated_at': '2026-06-13T08:16:22.643322', 'market_price': 0.65, 'direct_low_price': None, 'sub_type_name': 'Holofoil'}]",https://www.tcgplayer.com/product/675838,Ethan's Ho-Oh ex,"[{'avg': None, 'low': None, 'avg1': None, 'avg7': None, 'avg30': None, 'trend': 0, 'updated_at': '2026-06-13T07:53:19.767457', 'variant_type': 'holo'}, {'avg': 0.78, 'low': 0.04, 'avg1': 0.77, 'avg7': 0.8, 'avg30': 0.76, 'trend': 0.79, 'updated_at': '2026-06-13T07:53:19.767457', 'variant_type': 'normal'}]",https://www.cardmarket.com/en/Pokemon/Products/Singles/Ascended-Heroes/Ethans-Ho-Oh-ex-ASC026
Card,pk_29bab41fe44813fac1a48d7088dbb5f9821cac5b709ba945e1369f9f53953eafdd8cfd6b594f0f3c1eecd90e0858b479,Dreepy - 247/217,Dreepy,ME: Ascended Heroes,ASC,24541,247/217,Illustration Rare,Dragon,,,,[],,,,"[{'low_price': 11, 'mid_price': 13.36, 'high_price': 4321, 'updated_at': '2026-06-13T08:16:22.643322', 'market_price': 11.69, 'direct_low_price': None, 'sub_type_name': 'Holofoil'}]",https://www.tcgplayer.com/product/676059,Dreepy,"[{'avg': 6.36, 'low': 2.5, 'avg1': 8.16, 'avg7': 6.75, 'avg30': 6.5, 'trend': 6.47, 'updated_at': '2026-06-13T07:53:19.767457', 'variant_type': 'normal'}, {'avg': None, 'low': None, 'avg1': None, 'avg7': None, 'avg30': None, 'trend': 0, 'updated_at': '2026-06-13T07:53:19.767457', 'variant_type': 'holo'}]",https://www.cardmarket.com/en/Pokemon/Products/Singles/Ascended-Heroes/Dreepy-V2-ASC247
Card,pk_b9d8c9b4f084e5a55537ef3ed8a56778a134dd64af51acc5edb27a4e08378606e35eb4d93dadf185ee4767c2b3c20736,Mega Gengar ex - 284/217,Mega Gengar ex,ME: Ascended Heroes,ASC,24541,284/217,Special Illustration Rare,Darkness,,,,[],,,,"[{'low_price': 1419.99, 'mid_price': 1510, 'high_price': 9999, 'updated_at': '2026-06-13T08:16:22.643322', 'market_price': 1300.05, 'direct_low_price': None, 'sub_type_name': 'Holofoil'}]",https://www.tcgplayer.com/product/676096,Mega Gengar ex,"[{'avg': 1071.34, 'low': 380, 'avg1': 774.99, 'avg7': 923.32, 'avg30': 1002.34, 'trend': 808.53, 'updated_at': '2026-06-13T07:53:19.767457', 'variant_type': 'normal'}, {'avg': None, 'low': None, 'avg1': None, 'avg7': None, 'avg30': None, 'trend': 0, 'updated_at': '2026-06-13T07:53:19.767457', 'variant_type': 'holo'}]",https://www.cardmarket.com/en/Pokemon/Products/Singles/Ascended-Heroes/Mega-Gengar-ex-V3-ASC284
Card,pk_b088e8eff2214d0f59028e2343ab4b806e25765608582418e70ec879395a1a068d3e4980d383bf31a10172a03f0e5359,Larry's Staraptor - 249/217,Larry's Staraptor,ME: Ascended Heroes,ASC,24541,249/217,Illustration Rare,Colorless,,,,[],,,,"[{'low_price': 3, 'mid_price': 5.5, 'high_price': 4321, 'updated_at': '2026-06-13T08:16:22.643322', 'market_price': 5.06, 'direct_low_price': None, 'sub_type_name': 'Holofoil'}]",https://www.tcgplayer.com/product/676061,Larry's Staraptor,"[{'avg': None, 'low': None, 'avg1': None, 'avg7': None, 'avg30': None, 'trend': 0, 'updated_at': '2026-06-13T07:53:19.767457', 'variant_type': 'holo'}, {'avg': 4.78, 'low': 2, 'avg1': 4.7, 'avg7': 4.78, 'avg30': 4.78, 'trend': 4.85, 'updated_at': '2026-06-13T07:53:19.767457', 'variant_type': 'normal'}]",https://www.cardmarket.com/en/Pokemon/Products/Singles/Ascended-Heroes/Larrys-Staraptor-V2-ASC249
Card,pk_8be55be19d517d68bb0196ea76ce3c26201dfddfb4f362441855bc2bcf8004a6d685ef7df7d4f83d66ec2e33052fa6,Charmeleon,Charmeleon,ME: Ascended Heroes,ASC,24541,021/217,Uncommon,Fire,,,,[],,,,"[{'low_price': 0.01, 'mid_price': 0.2, 'high_price': 19.98, 'updated_at': '2026-06-13T08:16:22.643322', 'market_price': 0.21, 'direct_low_price': 0.01, 'sub_type_name': 'Normal'}]",https://www.tcgplayer.com/product/675833,Charmeleon,"[{'avg': 0.04, 'low': 0.02, 'avg1': 0.02, 'avg7': 0.04, 'avg30': 0.04, 'trend': 0.04, 'updated_at': '2026-06-13T07:53:19.767457', 'variant_type': 'normal'}, {'avg': None, 'low': None, 'avg1': None, 'avg7': None, 'avg30': None, 'trend': 0, 'updated_at': '2026-06-13T07:53:19.767457', 'variant_type': 'holo'}]",https://www.cardmarket.com/en/Pokemon/Products/Singles/Ascended-Heroes/Charmeleon-ASC021
Card,pk_633b1a94dd70c4c778734fa1698469ade3f6cd87f103c4e319bb5d747c46f6189bae069386165fbe2a7dca1bf5dd7e,Scorbunny - 036/217,Scorbunny,ME: Ascended Heroes,ASC,24541,036/217,Common,Fire,,,,[],,,,"[{'low_price': 0.01, 'mid_price': 0.15, 'high_price': 19.98, 'updated_at': '2026-06-13T08:16:22.643322', 'market_price': 0.14, 'direct_low_price': 0.01, 'sub_type_name': 'Normal'}]",https://www.tcgplayer.com/product/675848,Scorbunny,"[{'avg': 0.03, 'low': 0.02, 'avg1': 0.03, 'avg7': 0.03, 'avg30': 0.03, 'trend': 0.03, 'updated_at': '2026-06-13T07:53:19.767457', 'variant_type': 'normal'}, {'avg': None, 'low': None, 'avg1': None, 'avg7': None, 'avg30': None, 'trend': 0, 'updated_at': '2026-06-13T07:53:19.767457', 'variant_type': 'holo'}]",https://www.cardmarket.com/en/Pokemon/Products/Singles/Ascended-Heroes/Scorbunny-V1-ASC036
Card,pk_cdbd328508ada8fddba340469638e98c60796c3280d28796c81e60567ed4a49f9198a077f393ce561fd6ee737efefee2,Mega Froslass ex - 275/217,Mega Froslass ex,ME: Ascended Heroes,ASC,24541,275/217,Special Illustration Rare,Water,,,,[],,,,"[{'low_price': 84, 'mid_price': 100, 'high_price': 829.5, 'updated_at': '2026-06-13T08:16:22.643322', 'market_price': 90.78, 'direct_low_price': None, 'sub_type_name': 'Holofoil'}]",https://www.tcgplayer.com/product/676087,Mega Froslass ex,"[{'avg': 64.46, 'low': 35, 'avg1': 68.5, 'avg7': 65.47, 'avg30': 63.13, 'trend': 65.62, 'updated_at': '2026-06-13T07:53:19.767457', 'variant_type': 'normal'}, {'avg': None, 'low': None, 'avg1': None, 'avg7': None, 'avg30': None, 'trend': 0, 'updated_at': '2026-06-13T07:53:19.767457', 'variant_type': 'holo'}]",https://www.cardmarket.com/en/Pokemon/Products/Singles/Ascended-Heroes/Mega-Froslass-ex-V3-ASC275
Card,pk_92523b52cd44b6673b7f76ca09272f647a85201292c5543a1ba0a7c3f43710e22a68a922f2e5bc97024ccfa0fcdec798,Cheren,Cheren,ME: Ascended Heroes,ASC,24541,258/217,Ultra Rare,,,,,[],,,,"[{'low_price': 0.4, 'mid_price': 1, 'high_price': 4321, 'updated_at': '2026-06-13T08:16:22.643322', 'market_price': 0.74, 'direct_low_price': None, 'sub_type_name': 'Holofoil'}]",https://www.tcgplayer.com/product/676070,Cheren,"[{'avg': 0.97, 'low': 0.09, 'avg1': 1.11, 'avg7': 0.92, 'avg30': 0.94, 'trend': 1, 'updated_at': '2026-06-13T07:53:19.767457', 'variant_type': 'normal'}, {'avg': None, 'low': None, 'avg1': None, 'avg7': None, 'avg30': None, 'trend': 0, 'updated_at': '2026-06-13T07:53:19.767457', 'variant_type': 'holo'}]",https://www.cardmarket.com/en/Pokemon/Products/Singles/Ascended-Heroes/Cheren-ASC258
Card,pk_f8750997b279fe2883fb1de633dc92d5393f1093e8f018b7a77a8d5dd3cb8191b2074e223fa0c5bb0c0c05aadd2448,Team Rocket's Spidops,Team Rockets Spidops,ME: Ascended Heroes,ASC,24541,019/217,Rare,Grass,,,,[],,,,"[{'low_price': 0.01, 'mid_price': 0.2, 'high_price': 19.98, 'updated_at': '2026-06-13T08:16:22.643322', 'market_price': 0.19, 'direct_low_price': 0.01, 'sub_type_name': 'Holofoil'}]",https://www.tcgplayer.com/product/675831,Team Rocket's Spidops,"[{'avg': None, 'low': None, 'avg1': None, 'avg7': None, 'avg30': None, 'trend': 0, 'updated_at': '2026-06-13T07:53:19.767457', 'variant_type': 'holo'}, {'avg': 0.08, 'low': 0.02, 'avg1': 0.06, 'avg7': 0.06, 'avg30': 0.08, 'trend': 0.06, 'updated_at': '2026-06-13T07:53:19.767457', 'variant_type': 'normal'}]",https://www.cardmarket.com/en/Pokemon/Products/Singles/Ascended-Heroes/Team-Rockets-Spidops-ASC019
Card,pk_e29fb87c8ae7be884a5fdcb149a764e2213c396a8094b8b4e3fbd13fa4d8d7fe853fcacd294413d39c7ea2fdf93e5c20,Cynthia's Spiritomb - 244/217,Cynthia's Spiritomb,ME: Ascended Heroes,ASC,24541,244/217,Illustration Rare,Darkness,,,,[],,,,"[{'low_price': 13.5, 'mid_price': 16.2, 'high_price': 4321, 'updated_at': '2026-06-13T08:16:22.643322', 'market_price': 14.92, 'direct_low_price': None, 'sub_type_name': 'Holofoil'}]",https://www.tcgplayer.com/product/676056,Cynthia's Spiritomb,"[{'avg': 7.43, 'low': 2.5, 'avg1': 6.98, 'avg7': 7.39, 'avg30': 7.39, 'trend': 7.67, 'updated_at': '2026-06-13T07:53:19.767457', 'variant_type': 'normal'}, {'avg': None, 'low': None, 'avg1': None, 'avg7': None, 'avg30': None, 'trend': 0, 'updated_at': '2026-06-13T07:53:19.767457', 'variant_type': 'holo'}]",https://www.cardmarket.com/en/Pokemon/Products/Singles/Ascended-Heroes/Cynthias-Spiritomb-V2-ASC244
Card,pk_4ccec49ade95dfc0e9ed5102684717fec026c12b9a9a9513accca08b0ce76390779f593192c73518deb53e05f2ba9875,Mega Dragonite ex - 271/217,Mega Dragonite ex,ME: Ascended Heroes,ASC,24541,271/217,Mega Attack Rare,Dragon,,,,[],,,,"[{'low_price': 54.99, 'mid_price': 62.99, 'high_price': 500, 'updated_at': '2026-06-13T08:16:22.643322', 'market_price': 57.43, 'direct_low_price': None, 'sub_type_name': 'Holofoil'}]",https://www.tcgplayer.com/product/676083,Mega Dragonite ex,"[{'avg': 32.13, 'low': 13.99, 'avg1': 32.26, 'avg7': 31.08, 'avg30': 31.88, 'trend': 31.52, 'updated_at': '2026-06-13T07:53:19.767457', 'variant_type': 'normal'}, {'avg': None, 'low': None, 'avg1': None, 'avg7': None, 'avg30': None, 'trend': 0, 'updated_at': '2026-06-13T07:53:19.767457', 'variant_type': 'holo'}]",https://www.cardmarket.com/en/Pokemon/Products/Singles/Ascended-Heroes/Mega-Dragonite-ex-V2-ASC271
Card,pk_828bcf47a03376d47d8e585d170a5a17e6d535cb0e3096cdbe101186a134caa2f77980253520800c809c3e2a30e809,N's Darmanitan,Ns Darmanitan,ME: Ascended Heroes,ASC,24541,033/217,Uncommon,Fire,,,,[],,,,"[{'low_price': 0.01, 'mid_price': 0.15, 'high_price': 19.98, 'updated_at': '2026-06-13T08:16:22.643322', 'market_price': 0.12, 'direct_low_price': 0.01, 'sub_type_name': 'Normal'}]",https://www.tcgplayer.com/product/675845,N's Darmanitan,"[{'avg': None, 'low': None, 'avg1': None, 'avg7': None, 'avg30': None, 'trend': 0, 'updated_at': '2026-06-13T07:53:19.767457', 'variant_type': 'holo'}, {'avg': 0.04, 'low': 0.02, 'avg1': 0.04, 'avg7': 0.03, 'avg30': 0.04, 'trend': 0.05, 'updated_at': '2026-06-13T07:53:19.767457', 'variant_type': 'normal'}]",https://www.cardmarket.com/en/Pokemon/Products/Singles/Ascended-Heroes/Ns-Darmanitan-ASC033
Card,pk_00b30e202c0abe0abc6c4292b8dc5b326329e0be030aaa64174285f69b8bee93dbf44b7e02441896485140100219e7,Budew - 016/217,Budew,ME: Ascended Heroes,ASC,24541,016/217,Common,Grass,,,,[],,,,"[{'low_price': 0.01, 'mid_price': 0.2, 'high_price': 19.98, 'updated_at': '2026-06-13T08:16:22.643322', 'market_price': 0.17, 'direct_low_price': 0.1, 'sub_type_name': 'Normal'}]",https://www.tcgplayer.com/product/675828,Budew,"[{'avg': 0.05, 'low': 0.02, 'avg1': 0.09, 'avg7': 0.05, 'avg30': 0.06, 'trend': 0.05, 'updated_at': '2026-06-13T07:53:19.767457', 'variant_type': 'normal'}, {'avg': None, 'low': None, 'avg1': None, 'avg7': None, 'avg30': None, 'trend': 0, 'updated_at': '2026-06-13T07:53:19.767457', 'variant_type': 'holo'}]",https://www.cardmarket.com/en/Pokemon/Products/Singles/Ascended-Heroes/Budew-V1-ASC016
Card,pk_fae221ecaaf50b6782d0ca2efddef9a9b2a7018c6ab1703afe15c54495a0d92d6a21888d23eea71639fa064be6c37ecb,Team Rocket's Dugtrio - 239/217,Team Rocket's Dugtrio,ME: Ascended Heroes,ASC,24541,239/217,Illustration Rare,Fighting,,,,[],,,,"[{'low_price': 12.79, 'mid_price': 16.7, 'high_price': 122.2, 'updated_at': '2026-06-13T08:16:22.643322', 'market_price': 15.58, 'direct_low_price': None, 'sub_type_name': 'Holofoil'}]",https://www.tcgplayer.com/product/676051,Team Rocket's Dugtrio,"[{'avg': 8.04, 'low': 2.5, 'avg1': 8.32, 'avg7': 8.04, 'avg30': 7.86, 'trend': 8.52, 'updated_at': '2026-06-13T07:53:19.767457', 'variant_type': 'normal'}, {'avg': None, 'low': None, 'avg1': None, 'avg7': None, 'avg30': None, 'trend': 0, 'updated_at': '2026-06-13T07:53:19.767457', 'variant_type': 'holo'}]",https://www.cardmarket.com/en/Pokemon/Products/Singles/Ascended-Heroes/Team-Rockets-Dugtrio-V2-ASC239
Card,pk_95667752278017977e497c937eca5ac3234a249f7077861c6935c527e5d1d87b068cd4bd6daa3ceb4ca64f9202b1d6,Mega Feraligatr ex - 043/217,Mega Feraligatr ex,ME: Ascended Heroes,ASC,24541,043/217,Double Rare,Water,,,,[],,,,"[{'low_price': 0.45, 'mid_price': 1.65, 'high_price': 4321, 'updated_at': '2026-06-13T08:16:22.643322', 'market_price': 1.34, 'direct_low_price': None, 'sub_type_name': 'Holofoil'}]",https://www.tcgplayer.com/product/675855,Mega Feraligatr ex,"[{'avg': 1.57, 'low': 0.5, 'avg1': 1.57, 'avg7': 1.46, 'avg30': 1.61, 'trend': 1.5, 'updated_at': '2026-06-13T07:53:19.767457', 'variant_type': 'normal'}, {'avg': None, 'low': None, 'avg1': None, 'avg7': None, 'avg30': None, 'trend': 0, 'updated_at': '2026-06-13T07:53:19.767457', 'variant_type': 'holo'}]",https://www.cardmarket.com/en/Pokemon/Products/Singles/Ascended-Heroes/Mega-Feraligatr-ex-V1-ASC043
Card,pk_838c67b30b100d37013bf5035b0913295360a61792a917b44fc3b7d08d3a16aa9911da8567d565f15c56a753e54e0121,Misdreavus - 233/217,Misdreavus,ME: Ascended Heroes,ASC,24541,233/217,Illustration Rare,Psychic,,,,[],,,,"[{'low_price': 6, 'mid_price': 7.5, 'high_price': 4321, 'updated_at': '2026-06-13T08:16:22.643322', 'market_price': 6.81, 'direct_low_price': 6.9, 'sub_type_name': 'Holofoil'}]",https://www.tcgplayer.com/product/676045,Misdreavus,"[{'avg': 3.87, 'low': 1.34, 'avg1': 3.57, 'avg7': 3.75, 'avg30': 3.87, 'trend': 4.19, 'updated_at': '2026-06-13T07:53:19.767457', 'variant_type': 'normal'}, {'avg': None, 'low': None, 'avg1': None, 'avg7': None, 'avg30': None, 'trend': 0, 'updated_at': '2026-06-13T07:53:19.767457', 'variant_type': 'holo'}]",https://www.cardmarket.com/en/Pokemon/Products/Singles/Ascended-Heroes/Misdreavus-V2-ASC233
Card,pk_4a1857463db3bd0b2c73c59b7b418aaa2e6a2ca31b20332abe3a5ae5d09e0bf1aa4de01c82ce7e7e8b3e085c87f54dcf,Mightyena - 243/217,Mightyena,ME: Ascended Heroes,ASC,24541,243/217,Illustration Rare,Darkness,,,,[],,,,"[{'low_price': 8, 'mid_price': 10, 'high_price': 4321, 'updated_at': '2026-06-13T08:16:22.643322', 'market_price': 9.46, 'direct_low_price': None, 'sub_type_name': 'Holofoil'}]",https://www.tcgplayer.com/product/676055,Mightyena,"[{'avg': 6.52, 'low': 3, 'avg1': 7.71, 'avg7': 6.71, 'avg30': 6.53, 'trend': 6.63, 'updated_at': '2026-06-13T07:53:19.767457', 'variant_type': 'normal'}, {'avg': None, 'low': None, 'avg1': None, 'avg7': None, 'avg30': None, 'trend': 0, 'updated_at': '2026-06-13T07:53:19.767457', 'variant_type': 'holo'}]",https://www.cardmarket.com/en/Pokemon/Products/Singles/Ascended-Heroes/Mightyena-V2-ASC243
Card,pk_6c9ddf769797ab32e2a8a2d09761274a41e332b8384c9de29a690a85174e09febae211f8f6e7ace102de10600f0ee7f7,Team Rocket's Transceiver - 263/217,Team Rocket's Transceiver,ME: Ascended Heroes,ASC,24541,263/217,Ultra Rare,,,,,[],,,,"[{'low_price': 0.49, 'mid_price': 1.99, 'high_price': 99.9, 'updated_at': '2026-06-13T08:16:22.643322', 'market_price': 1.28, 'direct_low_price': None, 'sub_type_name': 'Holofoil'}]",https://www.tcgplayer.com/product/676075,Team Rocket's Transceiver,"[{'avg': None, 'low': None, 'avg1': None, 'avg7': None, 'avg30': None, 'trend': 0, 'updated_at': '2026-06-13T07:53:19.767457', 'variant_type': 'holo'}, {'avg': 1.35, 'low': 0.1, 'avg1': 1.32, 'avg7': 1.28, 'avg30': 1.32, 'trend': 1.46, 'updated_at': '2026-06-13T07:53:19.767457', 'variant_type': 'normal'}]",https://www.cardmarket.com/en/Pokemon/Products/Singles/Ascended-Heroes/Team-Rockets-Transceiver-V2-ASC263
Card,pk_c75d667d3d477673ab52bada32204f05ee99f8e401562fe2c52554a92ad4eab991109175aa9338fb9337b055805a6be2,Fan Rotom - 250/217,Fan Rotom,ME: Ascended Heroes,ASC,24541,250/217,Illustration Rare,Colorless,,,,[],,,,"[{'low_price': 3.14, 'mid_price': 4.99, 'high_price': 4321, 'updated_at': '2026-06-13T08:16:22.643322', 'market_price': 4.18, 'direct_low_price': None, 'sub_type_name': 'Holofoil'}]",https://www.tcgplayer.com/product/676062,Fan Rotom,"[{'avg': 3.16, 'low': 1, 'avg1': 3.15, 'avg7': 3.22, 'avg30': 3.17, 'trend': 3.21, 'updated_at': '2026-06-13T07:53:19.767457', 'variant_type': 'normal'}, {'avg': None, 'low': None, 'avg1': None, 'avg7': None, 'avg30': None, 'trend': 0, 'updated_at': '2026-06-13T07:53:19.767457', 'variant_type': 'holo'}]",https://www.cardmarket.com/en/Pokemon/Products/Singles/Ascended-Heroes/Fan-Rotom-V2-ASC250
Card,pk_0ea5fd10ba2fabb177928d76a9b9489e1e1ad02859530c566b3287a874823320dec8b8f9ba7855b041b642f9040e4c,Psyduck - 039/217,Psyduck,ME: Ascended Heroes,ASC,24541,039/217,Common,Water,,,,[],,,,"[{'low_price': 0.05, 'mid_price': 0.3, 'high_price': 19.98, 'updated_at': '2026-06-13T08:16:22.643322', 'market_price': 0.3, 'direct_low_price': 0.19, 'sub_type_name': 'Normal'}]",https://www.tcgplayer.com/product/675851,Psyduck,"[{'avg': None, 'low': None, 'avg1': None, 'avg7': None, 'avg30': None, 'trend': 0, 'updated_at': '2026-06-13T07:53:19.767457', 'variant_type': 'holo'}, {'avg': 0.07, 'low': 0.02, 'avg1': 0.1, 'avg7': 0.07, 'avg30': 0.08, 'trend': 0.08, 'updated_at': '2026-06-13T07:53:19.767457', 'variant_type': 'normal'}]",https://www.cardmarket.com/en/Pokemon/Products/Singles/Ascended-Heroes/Psyduck-V1-ASC039
Card,pk_056165fa6dfbc4a0906130e16d0020e0c883faefc210d7403663aee8e3a7dbbff3713c3ed67298d26f87e3987627a6e6,Mega Eelektross ex - 278/217,Mega Eelektross ex,ME: Ascended Heroes,ASC,24541,278/217,Special Illustration Rare,Lightning,,,,[],,,,"[{'low_price': 42.99, 'mid_price': 50, 'high_price': 400, 'updated_at': '2026-06-13T08:16:22.643322', 'market_price': 45.88, 'direct_low_price': None, 'sub_type_name': 'Holofoil'}]",https://www.tcgplayer.com/product/676090,Mega Eelektross ex,"[{'avg': None, 'low': None, 'avg1': None, 'avg7': None, 'avg30': None, 'trend': 0, 'updated_at': '2026-06-13T07:53:19.767457', 'variant_type': 'holo'}, {'avg': 29.73, 'low': 17, 'avg1': 30.6, 'avg7': 29.43, 'avg30': 29.07, 'trend': 29.78, 'updated_at': '2026-06-13T07:53:19.767457', 'variant_type': 'normal'}]",https://www.cardmarket.com/en/Pokemon/Products/Singles/Ascended-Heroes/Mega-Eelektross-ex-V3-ASC278
Card,pk_3a69cbd6e8a7516b998ccbed202550a560abce0136410052578305f73282df3be4d2379b5dd98aa04e67db319c825fa9,Mega Dragonite ex - 295/217,Mega Dragonite ex,ME: Ascended Heroes,ASC,24541,295/217,Mega Hyper Rare,Dragon,,,,[],,,,"[{'low_price': 291.25, 'mid_price': 339.99, 'high_price': 1249.99, 'updated_at': '2026-06-13T08:16:22.643322', 'market_price': 331.59, 'direct_low_price': 330, 'sub_type_name': 'Holofoil'}]",https://www.tcgplayer.com/product/676107,Mega Dragonite ex,"[{'avg': 182.63, 'low': 130, 'avg1': 219.99, 'avg7': 180.54, 'avg30': 184.51, 'trend': 182.34, 'updated_at': '2026-06-13T07:53:19.767457', 'variant_type': 'normal'}, {'avg': None, 'low': None, 'avg1': None, 'avg7': None, 'avg30': None, 'trend': 0, 'updated_at': '2026-06-13T07:53:19.767457', 'variant_type': 'holo'}]",https://www.cardmarket.com/en/Pokemon/Products/Singles/Ascended-Heroes/Mega-Dragonite-ex-V4-ASC295
Card,pk_5287101b0450ab0985b9b87b5657cba455e6bfc33fd2580cd5809503374c36626fe8230538ad672782b9690aadfe11,Mega Froslass ex - 047/217,Mega Froslass ex,ME: Ascended Heroes,ASC,24541,047/217,Double Rare,Water,,,,[],,,,"[{'low_price': 4.3, 'mid_price': 6.28, 'high_price': 4321, 'updated_at': '2026-06-13T08:16:22.643322', 'market_price': 5.86, 'direct_low_price': None, 'sub_type_name': 'Holofoil'}]",https://www.tcgplayer.com/product/675859,Mega Froslass ex,"[{'avg': 4.63, 'low': 2.75, 'avg1': 4.61, 'avg7': 4.78, 'avg30': 4.86, 'trend': 4.29, 'updated_at': '2026-06-13T07:53:19.767457', 'variant_type': 'normal'}, {'avg': None, 'low': None, 'avg1': None, 'avg7': None, 'avg30': None, 'trend': 0, 'updated_at': '2026-06-13T07:53:19.767457', 'variant_type': 'holo'}]",https://www.cardmarket.com/en/Pokemon/Products/Singles/Ascended-Heroes/Mega-Froslass-ex-V1-ASC047
Card,pk_443b57e3f92e2abb7f4145cf8a3a8c188e58786fe186d6010572a9a5f901de93deda78002a9dd163f6ac8e11b45e0eff,Canari - 257/217,Canari,ME: Ascended Heroes,ASC,24541,257/217,Ultra Rare,,,,,[],,,,"[{'low_price': 3, 'mid_price': 4.6, 'high_price': 4321, 'updated_at': '2026-06-13T08:16:22.643322', 'market_price': 4.04, 'direct_low_price': 4.92, 'sub_type_name': 'Holofoil'}]",https://www.tcgplayer.com/product/676069,Canari,"[{'avg': 2.75, 'low': 0.4, 'avg1': 3.01, 'avg7': 2.66, 'avg30': 2.78, 'trend': 2.54, 'updated_at': '2026-06-13T07:53:19.767457', 'variant_type': 'normal'}, {'avg': None, 'low': None, 'avg1': None, 'avg7': None, 'avg30': None, 'trend': 0, 'updated_at': '2026-06-13T07:53:19.767457', 'variant_type': 'holo'}]",https://www.cardmarket.com/en/Pokemon/Products/Singles/Ascended-Heroes/Canari-V2-ASC257
Card,pk_ef0c239e79c4be288c10bf78b387bb98d343204554898f7558de2bf37b2dcd256918a5b4f5cddcceaed7ebd868d40f,Totodile,Totodile,ME: Ascended Heroes,ASC,24541,041/217,Common,Water,,,,[],,,,"[{'low_price': 0.01, 'mid_price': 0.16, 'high_price': 19.98, 'updated_at': '2026-06-13T08:16:22.643322', 'market_price': 0.14, 'direct_low_price': 0.01, 'sub_type_name': 'Normal'}]",https://www.tcgplayer.com/product/675853,Totodile,"[{'avg': 0.04, 'low': 0.02, 'avg1': 0.07, 'avg7': 0.04, 'avg30': 0.05, 'trend': 0.04, 'updated_at': '2026-06-13T07:53:19.767457', 'variant_type': 'normal'}, {'avg': None, 'low': None, 'avg1': None, 'avg7': None, 'avg30': None, 'trend': 0, 'updated_at': '2026-06-13T07:53:19.767457', 'variant_type': 'holo'}]",https://www.cardmarket.com/en/Pokemon/Products/Singles/Ascended-Heroes/Totodile-ASC041
Card,pk_42347d4c6d07a8a1c01aacfb582c481385b84497628c3d313844f0464da90e2437250a64e28eb79a58f3cdf8907f399a,Waitress,Waitress,ME: Ascended Heroes,ASC,24541,215/217,Common,,,,,[],,,,"[{'low_price': 0.01, 'mid_price': 0.21, 'high_price': 19.98, 'updated_at': '2026-06-13T08:16:22.643322', 'market_price': 0.23, 'direct_low_price': 0.1, 'sub_type_name': 'Normal'}, {'low_price': 0.19, 'mid_price': 0.4, 'high_price': 19.98, 'updated_at': '2026-06-13T08:16:22.643322', 'market_price': 0.35, 'direct_low_price': None, 'sub_type_name': 'Reverse Holofoil'}]",https://www.tcgplayer.com/product/676027,Waitress,"[{'avg': 0.22, 'low': 0.02, 'avg1': 0.18, 'avg7': 0.2, 'avg30': 0.24, 'trend': 0.23, 'updated_at': '2026-06-13T07:53:19.767457', 'variant_type': 'holo'}, {'avg': 0.04, 'low': 0.02, 'avg1': 0.08, 'avg7': 0.05, 'avg30': 0.05, 'trend': 0.04, 'updated_at': '2026-06-13T07:53:19.767457', 'variant_type': 'normal'}]",https://www.cardmarket.com/en/Pokemon/Products/Singles/Ascended-Heroes/Waitress-ASC215
Card,pk_eb6542e35eb976cf8f397cd815c38381a61eceb9c07fb909cdc2328568a82364fa01de60ae0c61830ea7d1d64bcda8aa,Snorunt - 227/217,Snorunt,ME: Ascended Heroes,ASC,24541,227/217,Illustration Rare,Water,,,,[],,,,"[{'low_price': 6, 'mid_price': 7.94, 'high_price': 4321, 'updated_at': '2026-06-13T08:16:22.643322', 'market_price': 6.88, 'direct_low_price': 8.24, 'sub_type_name': 'Holofoil'}]",https://www.tcgplayer.com/product/676039,Snorunt,"[{'avg': 5.1, 'low': 1.99, 'avg1': 5.31, 'avg7': 4.94, 'avg30': 5.17, 'trend': 5.19, 'updated_at': '2026-06-13T07:53:19.767457', 'variant_type': 'normal'}, {'avg': None, 'low': None, 'avg1': None, 'avg7': None, 'avg30': None, 'trend': 0, 'updated_at': '2026-06-13T07:53:19.767457', 'variant_type': 'holo'}]",https://www.cardmarket.com/en/Pokemon/Products/Singles/Ascended-Heroes/Snorunt-V2-ASC227
Card,pk_ef0a799490349d989fad3f261cdb081bc8cd14c78115db7ba3792c80de0de0c23dbaabb6eb92753047c694feb6478e,Sneasel,Sneasel,ME: Ascended Heroes,ASC,24541,044/217,Common,Water,,,,[],,,,"[{'low_price': 0.01, 'mid_price': 0.15, 'high_price': 2.04, 'updated_at': '2026-06-13T08:16:22.643322', 'market_price': 0.07, 'direct_low_price': 0.01, 'sub_type_name': 'Normal'}]",https://www.tcgplayer.com/product/675856,Sneasel,"[{'avg': 0.03, 'low': 0.02, 'avg1': 0.04, 'avg7': 0.04, 'avg30': 0.04, 'trend': 0.04, 'updated_at': '2026-06-13T07:53:19.767457', 'variant_type': 'normal'}, {'avg': None, 'low': None, 'avg1': None, 'avg7': None, 'avg30': None, 'trend': 0, 'updated_at': '2026-06-13T07:53:19.767457', 'variant_type': 'holo'}]",https://www.cardmarket.com/en/Pokemon/Products/Singles/Ascended-Heroes/Sneasel-ASC044
Card,pk_4b837d2923d90c9949af935bbe92482387a2274bb1c9682df4382c1bb7e17a7692b702d38861511db4d0320f8ae8c6f9,Marnie's Grimmsnarl ex,Marnies Grimmsnarl ex,ME: Ascended Heroes,ASC,24541,287/217,Special Illustration Rare,Darkness,,,,[],,,,"[{'low_price': 80, 'mid_price': 90, 'high_price': 950, 'updated_at': '2026-06-13T08:16:22.643322', 'market_price': 85.46, 'direct_low_price': None, 'sub_type_name': 'Holofoil'}]",https://www.tcgplayer.com/product/676099,Marnie's Grimmsnarl ex,"[{'avg': None, 'low': None, 'avg1': None, 'avg7': None, 'avg30': None, 'trend': 0, 'updated_at': '2026-06-13T07:53:19.767457', 'variant_type': 'holo'}, {'avg': 47.88, 'low': 27, 'avg1': 43.99, 'avg7': 45.86, 'avg30': 46.59, 'trend': 49.23, 'updated_at': '2026-06-13T07:53:19.767457', 'variant_type': 'normal'}]",https://www.cardmarket.com/en/Pokemon/Products/Singles/Ascended-Heroes/Marnies-Grimmsnarl-ex-ASC287
Card,pk_c72dfaaa460948d3aa9ddb93f30b60a58f741aa2a6112381999350073043b2f6d069a31fbb713e03986bb79d9b9110b2,Boss's Orders [Corbeau] - 256/217,Boss's Orders [Corbeau],ME: Ascended Heroes,ASC,24541,256/217,Ultra Rare,,,,,[],,,,"[{'low_price': 7.76, 'mid_price': 10, 'high_price': 4321, 'updated_at': '2026-06-13T08:16:22.643322', 'market_price': 8.95, 'direct_low_price': None, 'sub_type_name': 'Holofoil'}]",https://www.tcgplayer.com/product/676068,Boss's Orders - Corbeau,"[{'avg': 5.38, 'low': 2, 'avg1': 5.04, 'avg7': 5.08, 'avg30': 5.61, 'trend': 5.17, 'updated_at': '2026-06-13T07:53:19.767457', 'variant_type': 'normal'}, {'avg': None, 'low': None, 'avg1': None, 'avg7': None, 'avg30': None, 'trend': 0, 'updated_at': '2026-06-13T07:53:19.767457', 'variant_type': 'holo'}]",https://www.cardmarket.com/en/Pokemon/Products/Singles/Ascended-Heroes/Bosss-Orders-Corbeau-V2-ASC255
Card,pk_944f54bcf8357167536be0eec39f82c62d3d6604ae2393e30816eb87785a44373284c8fc7827a42df940a682d2f18ec3,Fezandipiti ex - 288/217,Fezandipiti ex,ME: Ascended Heroes,ASC,24541,288/217,Special Illustration Rare,Darkness,,,,[],,,,"[{'low_price': 70.38, 'mid_price': 81.19, 'high_price': 861, 'updated_at': '2026-06-13T08:16:22.643322', 'market_price': 73.03, 'direct_low_price': 74.37, 'sub_type_name': 'Holofoil'}]",https://www.tcgplayer.com/product/676100,Fezandipiti ex,"[{'avg': 52.87, 'low': 31.5, 'avg1': 49.2, 'avg7': 53.96, 'avg30': 54.56, 'trend': 51.89, 'updated_at': '2026-06-13T07:53:19.767457', 'variant_type': 'normal'}, {'avg': None, 'low': None, 'avg1': None, 'avg7': None, 'avg30': None, 'trend': 0, 'updated_at': '2026-06-13T07:53:19.767457', 'variant_type': 'holo'}]",https://www.cardmarket.com/en/Pokemon/Products/Singles/Ascended-Heroes/Fezandipiti-ex-V2-ASC288
Card,pk_5e009f1ed930817f3e0991d2dd8d24d9417937d2e0953d8bcaec9200ce737e03a8db7def97ff557d7efbc28d1e7537ac,Iono's Wattrel - 231/217,Iono's Wattrel,ME: Ascended Heroes,ASC,24541,231/217,Illustration Rare,Lightning,,,,[],,,,"[{'low_price': 9.99, 'mid_price': 12.5, 'high_price': 128.1, 'updated_at': '2026-06-13T08:16:22.643322', 'market_price': 11.32, 'direct_low_price': 12.99, 'sub_type_name': 'Holofoil'}]",https://www.tcgplayer.com/product/676043,Iono's Wattrel,"[{'avg': None, 'low': None, 'avg1': None, 'avg7': None, 'avg30': None, 'trend': 0, 'updated_at': '2026-06-13T07:53:19.767457', 'variant_type': 'holo'}, {'avg': 5.18, 'low': 1.99, 'avg1': 6.14, 'avg7': 5.27, 'avg30': 5.33, 'trend': 5.43, 'updated_at': '2026-06-13T07:53:19.767457', 'variant_type': 'normal'}]",https://www.cardmarket.com/en/Pokemon/Products/Singles/Ascended-Heroes/Ionos-Wattrel-V2-ASC231
Card,pk_97ebcd644e0d9e5822cbbb2d3e49d0dfc2a3327f91842ac370c6c2ea36f7014c9f9fc399bbd63f6000cd7ed8f28a6524,Mega Scrafty ex - 270/217,Mega Scrafty ex,ME: Ascended Heroes,ASC,24541,270/217,Mega Attack Rare,Darkness,,,,[],,,,"[{'low_price': 4.15, 'mid_price': 7, 'high_price': 4321, 'updated_at': '2026-06-13T08:16:22.643322', 'market_price': 5.3, 'direct_low_price': None, 'sub_type_name': 'Holofoil'}]",https://www.tcgplayer.com/product/676082,Mega Scrafty ex,"[{'avg': 4.06, 'low': 1.4, 'avg1': 4.18, 'avg7': 4.2, 'avg30': 4.07, 'trend': 4, 'updated_at': '2026-06-13T07:53:19.767457', 'variant_type': 'normal'}, {'avg': None, 'low': None, 'avg1': None, 'avg7': None, 'avg30': None, 'trend': 0, 'updated_at': '2026-06-13T07:53:19.767457', 'variant_type': 'holo'}]",https://www.cardmarket.com/en/Pokemon/Products/Singles/Ascended-Heroes/Mega-Scrafty-ex-V2-ASC270
Card,pk_623420b002ef9fb92604962f7cc8fff912b158a9e72a7de17efd53629d832266598a0722ec9a4e4c846c4f46c4b909,Raboot,Raboot,ME: Ascended Heroes,ASC,24541,037/217,Common,Fire,,,,[],,,,"[{'low_price': 0.01, 'mid_price': 0.15, 'high_price': 19.98, 'updated_at': '2026-06-13T08:16:22.643322', 'market_price': 0.08, 'direct_low_price': 0.01, 'sub_type_name': 'Normal'}]",https://www.tcgplayer.com/product/675849,Raboot,"[{'avg': 0.03, 'low': 0.02, 'avg1': 0.02, 'avg7': 0.02, 'avg30': 0.03, 'trend': 0.03, 'updated_at': '2026-06-13T07:53:19.767457', 'variant_type': 'normal'}, {'avg': None, 'low': None, 'avg1': None, 'avg7': None, 'avg30': None, 'trend': 0, 'updated_at': '2026-06-13T07:53:19.767457', 'variant_type': 'holo'}]",https://www.cardmarket.com/en/Pokemon/Products/Singles/Ascended-Heroes/Raboot-ASC037
Card,pk_70128e045db68b7f9c660e8322c89f525e7ec8c60680f78f49afadc215fca6b51b79a06a3f555d1ecd9e6f40280500fd,N's Zoroark ex - 286/217,N's Zoroark ex,ME: Ascended Heroes,ASC,24541,286/217,Special Illustration Rare,Darkness,,,,[],,,,"[{'low_price': 179.99, 'mid_price': 200, 'high_price': 1419.76, 'updated_at': '2026-06-13T08:16:22.643322', 'market_price': 194.76, 'direct_low_price': None, 'sub_type_name': 'Holofoil'}]",https://www.tcgplayer.com/product/676098,N's Zoroark ex,"[{'avg': 133.41, 'low': 70, 'avg1': 137.6, 'avg7': 117.64, 'avg30': 124.8, 'trend': 219.31, 'updated_at': '2026-06-13T07:53:19.767457', 'variant_type': 'normal'}, {'avg': None, 'low': None, 'avg1': None, 'avg7': None, 'avg30': None, 'trend': 0, 'updated_at': '2026-06-13T07:53:19.767457', 'variant_type': 'holo'}]",https://www.cardmarket.com/en/Pokemon/Products/Singles/Ascended-Heroes/Ns-Zoroark-ex-V2-ASC286
Card,pk_6cb9fac2afa234abbc629e09f4b755f73c46ea0da6f08284d42bf264a06e149612164ef238a0dbb37c9d49edd6fb7aa6,Vikavolt - 230/217,Vikavolt,ME: Ascended Heroes,ASC,24541,230/217,Illustration Rare,Lightning,,,,[],,,,"[{'low_price': 2, 'mid_price': 3.18, 'high_price': 59.9, 'updated_at': '2026-06-13T08:16:22.643322', 'market_price': 2.34, 'direct_low_price': None, 'sub_type_name': 'Holofoil'}]",https://www.tcgplayer.com/product/676042,Vikavolt,"[{'avg': 2.36, 'low': 0.65, 'avg1': 2.46, 'avg7': 2.49, 'avg30': 2.38, 'trend': 2.45, 'updated_at': '2026-06-13T07:53:19.767457', 'variant_type': 'normal'}, {'avg': None, 'low': None, 'avg1': None, 'avg7': None, 'avg30': None, 'trend': 0, 'updated_at': '2026-06-13T07:53:19.767457', 'variant_type': 'holo'}]",https://www.cardmarket.com/en/Pokemon/Products/Singles/Ascended-Heroes/Vikavolt-V2-ASC230
Card,pk_528c956c2cb83d24de26557ad4613f85f7b24231f96b4b37a69b50a2cfb3aa596360eea08e472a40917ca9dc2dc0c5,Charmander,Charmander,ME: Ascended Heroes,ASC,24541,020/217,Common,Fire,,,,[],,,,"[{'low_price': 0.01, 'mid_price': 0.17, 'high_price': 19.98, 'updated_at': '2026-06-13T08:16:22.643322', 'market_price': 0.14, 'direct_low_price': 0.01, 'sub_type_name': 'Normal'}]",https://www.tcgplayer.com/product/675832,Charmander,"[{'avg': 0.05, 'low': 0.02, 'avg1': 0.12, 'avg7': 0.06, 'avg30': 0.04, 'trend': 0.05, 'updated_at': '2026-06-13T07:53:19.767457', 'variant_type': 'normal'}, {'avg': None, 'low': None, 'avg1': None, 'avg7': None, 'avg30': None, 'trend': 0, 'updated_at': '2026-06-13T07:53:19.767457', 'variant_type': 'holo'}]",https://www.cardmarket.com/en/Pokemon/Products/Singles/Ascended-Heroes/Charmander-ASC020
Card,pk_f0c245f02f8689b8a87887c1e7abc578f56acecab579e4d01bac5857a5434e197ecccf856d2cc54ee8058149bb98b8,Snorunt - 046/217,Snorunt,ME: Ascended Heroes,ASC,24541,046/217,Common,Water,,,,[],,,,"[{'low_price': 0.01, 'mid_price': 0.25, 'high_price': 19.98, 'updated_at': '2026-06-13T08:16:22.643322', 'market_price': 0.24, 'direct_low_price': 0.14, 'sub_type_name': 'Normal'}]",https://www.tcgplayer.com/product/675858,Snorunt,"[{'avg': 0.07, 'low': 0.02, 'avg1': 0.06, 'avg7': 0.06, 'avg30': 0.08, 'trend': 0.07, 'updated_at': '2026-06-13T07:53:19.767457', 'variant_type': 'normal'}, {'avg': None, 'low': None, 'avg1': None, 'avg7': None, 'avg30': None, 'trend': 0, 'updated_at': '2026-06-13T07:53:19.767457', 'variant_type': 'holo'}]",https://www.cardmarket.com/en/Pokemon/Products/Singles/Ascended-Heroes/Snorunt-V1-ASC046
Card,pk_12240f66d8cdc9d49a21b25d80ac09a3f41210ff474c32faf5dc858659c3ce320c53835913147d9497a68d4ee90b8b35,Banette - 234/217,Banette,ME: Ascended Heroes,ASC,24541,234/217,Illustration Rare,Psychic,,,,[],,,,"[{'low_price': 11, 'mid_price': 14, 'high_price': 4321, 'updated_at': '2026-06-13T08:16:22.643322', 'market_price': 12.74, 'direct_low_price': None, 'sub_type_name': 'Holofoil'}]",https://www.tcgplayer.com/product/676046,Banette,"[{'avg': 6.58, 'low': 4, 'avg1': 6.76, 'avg7': 6.41, 'avg30': 6.25, 'trend': 7.18, 'updated_at': '2026-06-13T07:53:19.767457', 'variant_type': 'normal'}, {'avg': None, 'low': None, 'avg1': None, 'avg7': None, 'avg30': None, 'trend': 0, 'updated_at': '2026-06-13T07:53:19.767457', 'variant_type': 'holo'}]",https://www.cardmarket.com/en/Pokemon/Products/Singles/Ascended-Heroes/Banette-V2-ASC234
Card,pk_1a4848cdcdb1ddd22f1cdacecd7449f703171b3b145d6f41259e647484cac15e8cfdf38b6ab999514c6a6f6e188f02,Ethan's Magcargo - 024/217,Ethan's Magcargo,ME: Ascended Heroes,ASC,24541,024/217,Rare,Fire,,,,[],,,,"[{'low_price': 0.01, 'mid_price': 0.15, 'high_price': 19.98, 'updated_at': '2026-06-13T08:16:22.643322', 'market_price': 0.1, 'direct_low_price': 0.05, 'sub_type_name': 'Holofoil'}]",https://www.tcgplayer.com/product/675836,Ethan's Magcargo,"[{'avg': None, 'low': None, 'avg1': None, 'avg7': None, 'avg30': None, 'trend': 0, 'updated_at': '2026-06-13T07:53:19.767457', 'variant_type': 'holo'}, {'avg': 0.05, 'low': 0.02, 'avg1': 0.06, 'avg7': 0.05, 'avg30': 0.05, 'trend': 0.05, 'updated_at': '2026-06-13T07:53:19.767457', 'variant_type': 'normal'}]",https://www.cardmarket.com/en/Pokemon/Products/Singles/Ascended-Heroes/Ethans-Magcargo-V1-ASC024
Card,pk_7c2a5d2078506018bb0b838840aa769503ca618a4ae2dd0419b5c71aa3f6a6b803d29c085875c71cab64a7acdd42ec,Mega Emboar ex - 031/217,Mega Emboar ex,ME: Ascended Heroes,ASC,24541,031/217,Double Rare,Fire,,,,[],,,,"[{'low_price': 0.5, 'mid_price': 1.03, 'high_price': 34.9, 'updated_at': '2026-06-13T08:16:22.643322', 'market_price': 0.83, 'direct_low_price': None, 'sub_type_name': 'Holofoil'}]",https://www.tcgplayer.com/product/675843,Mega Emboar ex,"[{'avg': 1, 'low': 0.2, 'avg1': 0.97, 'avg7': 1.01, 'avg30': 1, 'trend': 1.03, 'updated_at': '2026-06-13T07:53:19.767457', 'variant_type': 'normal'}, {'avg': None, 'low': None, 'avg1': None, 'avg7': None, 'avg30': None, 'trend': 0, 'updated_at': '2026-06-13T07:53:19.767457', 'variant_type': 'holo'}]",https://www.cardmarket.com/en/Pokemon/Products/Singles/Ascended-Heroes/Mega-Emboar-ex-V1-ASC031
Card,pk_bc9d940dbe86023f8fd5c6497716a3faa9f8fc4865e95457841228dec0c07b01557bdfcff6e7a520dfd94b26b949700c,Beautifly - 219/217,Beautifly,ME: Ascended Heroes,ASC,24541,219/217,Illustration Rare,Grass,,,,[],,,,"[{'low_price': 5, 'mid_price': 9, 'high_price': 4321, 'updated_at': '2026-06-13T08:16:22.643322', 'market_price': 8.52, 'direct_low_price': None, 'sub_type_name': 'Holofoil'}]",https://www.tcgplayer.com/product/676031,Beautifly,"[{'avg': 5, 'low': 1.7, 'avg1': 5.18, 'avg7': 5.18, 'avg30': 4.85, 'trend': 5.25, 'updated_at': '2026-06-13T07:53:19.767457', 'variant_type': 'normal'}, {'avg': None, 'low': None, 'avg1': None, 'avg7': None, 'avg30': None, 'trend': 0, 'updated_at': '2026-06-13T07:53:19.767457', 'variant_type': 'holo'}]",https://www.cardmarket.com/en/Pokemon/Products/Singles/Ascended-Heroes/Beautifly-V2-ASC219
Card,pk_788cdbceaaa0e51d331dc9eadffddf7b249f74a038dbab89f314e913aab177553adf73b311f1f3aed67ebb051cc81318,Mega Diancie ex - 282/217,Mega Diancie ex,ME: Ascended Heroes,ASC,24541,282/217,Special Illustration Rare,Psychic,,,,[],,,,"[{'low_price': 71, 'mid_price': 81.69, 'high_price': 1499.8, 'updated_at': '2026-06-13T08:16:22.643322', 'market_price': 75.15, 'direct_low_price': 75.15, 'sub_type_name': 'Holofoil'}]",https://www.tcgplayer.com/product/676094,Mega Diancie ex,"[{'avg': 39.29, 'low': 21, 'avg1': 43.33, 'avg7': 40.6, 'avg30': 38.67, 'trend': 41.71, 'updated_at': '2026-06-13T07:53:19.767457', 'variant_type': 'normal'}, {'avg': None, 'low': None, 'avg1': None, 'avg7': None, 'avg30': None, 'trend': 0, 'updated_at': '2026-06-13T07:53:19.767457', 'variant_type': 'holo'}]",https://www.cardmarket.com/en/Pokemon/Products/Singles/Ascended-Heroes/Mega-Diancie-ex-V2-ASC282
Card,pk_1732e550a727dab5beb5851899e26e1d6d8cf821a350b2264109cd26a9c029263d2432a9b482913bcb5547640540d736,Mega Diancie ex - 267/217,Mega Diancie ex,ME: Ascended Heroes,ASC,24541,267/217,Mega Attack Rare,Psychic,,,,[],,,,"[{'low_price': 8.49, 'mid_price': 11.16, 'high_price': 4321, 'updated_at': '2026-06-13T08:16:22.643322', 'market_price': 10.55, 'direct_low_price': None, 'sub_type_name': 'Holofoil'}]",https://www.tcgplayer.com/product/676079,Mega Diancie ex,"[{'avg': 5.78, 'low': 2.6, 'avg1': 6.19, 'avg7': 5.76, 'avg30': 5.96, 'trend': 5.88, 'updated_at': '2026-06-13T07:53:19.767457', 'variant_type': 'normal'}, {'avg': None, 'low': None, 'avg1': None, 'avg7': None, 'avg30': None, 'trend': 0, 'updated_at': '2026-06-13T07:53:19.767457', 'variant_type': 'holo'}]",https://www.cardmarket.com/en/Pokemon/Products/Singles/Ascended-Heroes/Mega-Diancie-ex-V1-ASC267
Card,pk_9192d72d07244192af69c7f9da6ddf672080e93ef681044f5a4037503b0b64bca172463c6bbf931bc8f944ae65c1a878,Mega Meganium ex - 272/217,Mega Meganium ex,ME: Ascended Heroes,ASC,24541,272/217,Special Illustration Rare,Grass,,,,[],,,,"[{'low_price': 104.07, 'mid_price': 125.55, 'high_price': 950, 'updated_at': '2026-06-13T08:16:22.643322', 'market_price': 103.9, 'direct_low_price': None, 'sub_type_name': 'Holofoil'}]",https://www.tcgplayer.com/product/676084,Mega Meganium ex,"[{'avg': 77.8, 'low': 44, 'avg1': 74.5, 'avg7': 68.99, 'avg30': 72.38, 'trend': 109.38, 'updated_at': '2026-06-13T07:53:19.767457', 'variant_type': 'normal'}, {'avg': None, 'low': None, 'avg1': None, 'avg7': None, 'avg30': None, 'trend': 0, 'updated_at': '2026-06-13T07:53:19.767457', 'variant_type': 'holo'}]",https://www.cardmarket.com/en/Pokemon/Products/Singles/Ascended-Heroes/Mega-Meganium-ex-V2-ASC272
Card,pk_c7bb6356b27962ff3a362092bcbd8f2a95c1cf806688f2e06fabff765f9393054347d2af354dbc9850190142d801807e,Mawile - 246/217,Mawile,ME: Ascended Heroes,ASC,24541,246/217,Illustration Rare,Metal,,,,[],,,,"[{'low_price': 5.1, 'mid_price': 7.76, 'high_price': 4321, 'updated_at': '2026-06-13T08:16:22.643322', 'market_price': 6.83, 'direct_low_price': None, 'sub_type_name': 'Holofoil'}]",https://www.tcgplayer.com/product/676058,Mawile,"[{'avg': 4.61, 'low': 2.3, 'avg1': 4.97, 'avg7': 4.35, 'avg30': 4.48, 'trend': 5.24, 'updated_at': '2026-06-13T07:53:19.767457', 'variant_type': 'normal'}, {'avg': None, 'low': None, 'avg1': None, 'avg7': None, 'avg30': None, 'trend': 0, 'updated_at': '2026-06-13T07:53:19.767457', 'variant_type': 'holo'}]",https://www.cardmarket.com/en/Pokemon/Products/Singles/Ascended-Heroes/Mawile-V2-ASC246
Card,pk_cd5f78713a2cd8beb3580324902392eeccf9cfdb7f6449dcd88d027038f5eee529917987066571a83a1d58065c7f1b,Golduck,Golduck,ME: Ascended Heroes,ASC,24541,040/217,Uncommon,Water,,,,[],,,,"[{'low_price': 0.01, 'mid_price': 0.15, 'high_price': 19.98, 'updated_at': '2026-06-13T08:16:22.643322', 'market_price': 0.11, 'direct_low_price': 0.05, 'sub_type_name': 'Normal'}]",https://www.tcgplayer.com/product/675852,Golduck,"[{'avg': 0.04, 'low': 0.02, 'avg1': 0.04, 'avg7': 0.04, 'avg30': 0.04, 'trend': 0.03, 'updated_at': '2026-06-13T07:53:19.767457', 'variant_type': 'normal'}, {'avg': None, 'low': None, 'avg1': None, 'avg7': None, 'avg30': None, 'trend': 0, 'updated_at': '2026-06-13T07:53:19.767457', 'variant_type': 'holo'}]",https://www.cardmarket.com/en/Pokemon/Products/Singles/Ascended-Heroes/Golduck-ASC040
Card,pk_558860ba994c4bb036c5df974cdbc60d40ae86a1cb66799b82a9cf241dd12c602a27e1665b85f542cbbd6b483d24308d,Mega Audino ex - 253/217,Mega Audino ex,ME: Ascended Heroes,ASC,24541,253/217,Ultra Rare,Colorless,,,,[],,,,"[{'low_price': 1, 'mid_price': 2.37, 'high_price': 4321, 'updated_at': '2026-06-13T08:16:22.643322', 'market_price': 1.8, 'direct_low_price': None, 'sub_type_name': 'Holofoil'}]",https://www.tcgplayer.com/product/676065,Mega Audino ex,"[{'avg': 1.66, 'low': 0.39, 'avg1': 1.79, 'avg7': 1.67, 'avg30': 1.65, 'trend': 1.63, 'updated_at': '2026-06-13T07:53:19.767457', 'variant_type': 'normal'}, {'avg': None, 'low': None, 'avg1': None, 'avg7': None, 'avg30': None, 'trend': 0, 'updated_at': '2026-06-13T07:53:19.767457', 'variant_type': 'holo'}]",https://www.cardmarket.com/en/Pokemon/Products/Singles/Ascended-Heroes/Mega-Audino-ex-V2-ASC253
Card,pk_caeca84a0233a0b0619b74e6e643650f0eeba75d541652e7b6f0294fffba2c69bb98d0b06113a0aa3206459d0540aff9,Mega Froslass ex - 265/217,Mega Froslass ex,ME: Ascended Heroes,ASC,24541,265/217,Mega Attack Rare,Water,,,,[],,,,"[{'low_price': 13, 'mid_price': 17, 'high_price': 4321, 'updated_at': '2026-06-13T08:16:22.643322', 'market_price': 14.55, 'direct_low_price': 14.99, 'sub_type_name': 'Holofoil'}]",https://www.tcgplayer.com/product/676077,Mega Froslass ex,"[{'avg': 9.77, 'low': 4, 'avg1': 10.06, 'avg7': 9.56, 'avg30': 9.82, 'trend': 9.88, 'updated_at': '2026-06-13T07:53:19.767457', 'variant_type': 'normal'}, {'avg': None, 'low': None, 'avg1': None, 'avg7': None, 'avg30': None, 'trend': 0, 'updated_at': '2026-06-13T07:53:19.767457', 'variant_type': 'holo'}]",https://www.cardmarket.com/en/Pokemon/Products/Singles/Ascended-Heroes/Mega-Froslass-ex-V2-ASC265
Card,pk_eedbbd7e9cfcdfaaf31791934e1f830685aea24360ea9786f1526041fac494fd754d084f9afcb388e2251dcfe47c72,Entei,Entei,ME: Ascended Heroes,ASC,24541,025/217,Rare,Fire,,,,[],,,,"[{'low_price': 0.01, 'mid_price': 0.2, 'high_price': 19.98, 'updated_at': '2026-06-13T08:16:22.643322', 'market_price': 0.14, 'direct_low_price': 0.07, 'sub_type_name': 'Holofoil'}]",https://www.tcgplayer.com/product/675837,Entei,"[{'avg': 0.06, 'low': 0.02, 'avg1': 0.07, 'avg7': 0.07, 'avg30': 0.07, 'trend': 0.06, 'updated_at': '2026-06-13T07:53:19.767457', 'variant_type': 'normal'}, {'avg': None, 'low': None, 'avg1': None, 'avg7': None, 'avg30': None, 'trend': 0, 'updated_at': '2026-06-13T07:53:19.767457', 'variant_type': 'holo'}]",https://www.cardmarket.com/en/Pokemon/Products/Singles/Ascended-Heroes/Entei-ASC025
Card,pk_4596d208fac1b7201a9651a5b9d12d28f3d4c7936b39ee28ee0f98f17375ab2c77c440c6ceff03a1d90d1cbc04feafc8,Jamming Tower,Jamming Tower,ME: Ascended Heroes,ASC,24541,261/217,Ultra Rare,,,,,[],,,,"[{'low_price': 0.4, 'mid_price': 1.25, 'high_price': 4321, 'updated_at': '2026-06-13T08:16:22.643322', 'market_price': 0.88, 'direct_low_price': None, 'sub_type_name': 'Holofoil'}]",https://www.tcgplayer.com/product/676073,Jamming Tower,"[{'avg': 1.07, 'low': 0.39, 'avg1': 0.94, 'avg7': 1.08, 'avg30': 1.08, 'trend': 1.1, 'updated_at': '2026-06-13T07:53:19.767457', 'variant_type': 'normal'}, {'avg': None, 'low': None, 'avg1': None, 'avg7': None, 'avg30': None, 'trend': 0, 'updated_at': '2026-06-13T07:53:19.767457', 'variant_type': 'holo'}]",https://www.cardmarket.com/en/Pokemon/Products/Singles/Ascended-Heroes/Jamming-Tower-ASC261
Card,pk_66c424b0aa13e04fbd59bf924df696414960b2947155fe23f37669201432791f7e30c59e3e8b8db6fbaae436e1d95d,Numel - 027/217,Numel,ME: Ascended Heroes,ASC,24541,027/217,Common,Fire,,,,[],,,,"[{'low_price': 0.01, 'mid_price': 0.15, 'high_price': 25, 'updated_at': '2026-06-13T08:16:22.643322', 'market_price': 0.1, 'direct_low_price': 0.01, 'sub_type_name': 'Normal'}]",https://www.tcgplayer.com/product/675839,Numel,"[{'avg': None, 'low': None, 'avg1': None, 'avg7': None, 'avg30': None, 'trend': 0, 'updated_at': '2026-06-13T07:53:19.767457', 'variant_type': 'holo'}, {'avg': 0.03, 'low': 0.02, 'avg1': 0.04, 'avg7': 0.04, 'avg30': 0.03, 'trend': 0.04, 'updated_at': '2026-06-13T07:53:19.767457', 'variant_type': 'normal'}]",https://www.cardmarket.com/en/Pokemon/Products/Singles/Ascended-Heroes/Numel-V1-ASC027
Card,pk_8009473d8a67d7f75e37750baa4b08f50e87914b9dce61927283e87f58ef3b713fbdfec76ce937799970f6fad4aeb2a0,N's PP Up - 262/217,N's PP Up,ME: Ascended Heroes,ASC,24541,262/217,Ultra Rare,,,,,[],,,,"[{'low_price': 2.1, 'mid_price': 3.34, 'high_price': 4321, 'updated_at': '2026-06-13T08:16:22.643322', 'market_price': 2.89, 'direct_low_price': None, 'sub_type_name': 'Holofoil'}]",https://www.tcgplayer.com/product/676074,N's PP Up,"[{'avg': 1.18, 'low': 0.3, 'avg1': 1.2, 'avg7': 1.19, 'avg30': 1.26, 'trend': 1.17, 'updated_at': '2026-06-13T07:53:19.767457', 'variant_type': 'normal'}, {'avg': None, 'low': None, 'avg1': None, 'avg7': None, 'avg30': None, 'trend': 0, 'updated_at': '2026-06-13T07:53:19.767457', 'variant_type': 'holo'}]",https://www.cardmarket.com/en/Pokemon/Products/Singles/Ascended-Heroes/Ns-PP-Up-V2-ASC262
Card,pk_3d33b5fda8ba889e6d074243c305b2c71cb97b6d9cb3fed84b86d791815b416c6a3756bd76df8ead3415e11d2e0755,Weavile - 045/217,Weavile,ME: Ascended Heroes,ASC,24541,045/217,Uncommon,Water,,,,[],,,,"[{'low_price': 0.01, 'mid_price': 0.15, 'high_price': 19.98, 'updated_at': '2026-06-13T08:16:22.643322', 'market_price': 0.05, 'direct_low_price': 0.01, 'sub_type_name': 'Normal'}]",https://www.tcgplayer.com/product/675857,Weavile,"[{'avg': None, 'low': None, 'avg1': None, 'avg7': None, 'avg30': None, 'trend': 0, 'updated_at': '2026-06-13T07:53:19.767457', 'variant_type': 'holo'}, {'avg': 0.03, 'low': 0.02, 'avg1': 0.04, 'avg7': 0.04, 'avg30': 0.03, 'trend': 0.04, 'updated_at': '2026-06-13T07:53:19.767457', 'variant_type': 'normal'}]",https://www.cardmarket.com/en/Pokemon/Products/Singles/Ascended-Heroes/Weavile-V1-ASC045
Card,pk_6f702bf76de958152713f8a9010e822f4e11f7a012561cdb1fe03e5e4aacdaea9f43e9fef0b9d0cc143e8554a57858,Mega Charizard Y ex - 022/217,Mega Charizard Y ex,ME: Ascended Heroes,ASC,24541,022/217,Double Rare,Fire,,,,[],,,,"[{'low_price': 7.99, 'mid_price': 9.41, 'high_price': 4321, 'updated_at': '2026-06-13T08:16:22.643322', 'market_price': 8.84, 'direct_low_price': None, 'sub_type_name': 'Holofoil'}]",https://www.tcgplayer.com/product/675834,Mega Charizard Y ex,"[{'avg': None, 'low': None, 'avg1': None, 'avg7': None, 'avg30': None, 'trend': 0, 'updated_at': '2026-06-13T07:53:19.767457', 'variant_type': 'holo'}, {'avg': 5.03, 'low': 1.8, 'avg1': 5.13, 'avg7': 5, 'avg30': 4.99, 'trend': 4.9, 'updated_at': '2026-06-13T07:53:19.767457', 'variant_type': 'normal'}]",https://www.cardmarket.com/en/Pokemon/Products/Singles/Ascended-Heroes/Mega-Charizard-Y-ex-V1-ASC022
Card,pk_f2d2b55cce81dba7b3bad6f2371e9d354b71c2b807bfb3e3cf341842e9d0a92455f33a84194cf2fa85a4b0b4776f,Chikorita,Chikorita,ME: Ascended Heroes,ASC,24541,008/217,Common,Grass,,,,[],,,,"[{'low_price': 0.01, 'mid_price': 0.2, 'high_price': 19.98, 'updated_at': '2026-06-13T08:16:22.643322', 'market_price': 0.18, 'direct_low_price': 0.1, 'sub_type_name': 'Normal'}]",https://www.tcgplayer.com/product/675820,Chikorita,"[{'avg': 0.05, 'low': 0.02, 'avg1': 0.04, 'avg7': 0.05, 'avg30': 0.05, 'trend': 0.05, 'updated_at': '2026-06-13T07:53:19.767457', 'variant_type': 'normal'}, {'avg': None, 'low': None, 'avg1': None, 'avg7': None, 'avg30': None, 'trend': 0, 'updated_at': '2026-06-13T07:53:19.767457', 'variant_type': 'holo'}]",https://www.cardmarket.com/en/Pokemon/Products/Singles/Ascended-Heroes/Chikorita-ASC008
Card,pk_93af3abfdb7ab5e473d776e5a3a9e64eac1b9f29ada2d6bbc5971ad554762758a164fa430ce486e42927b3033ba1e8de,Lillie's Clefairy ex - 280/217,Lillie's Clefairy ex,ME: Ascended Heroes,ASC,24541,280/217,Special Illustration Rare,Psychic,,,,[],,,,"[{'low_price': 205, 'mid_price': 243.48, 'high_price': 1789.9, 'updated_at': '2026-06-13T08:16:22.643322', 'market_price': 207, 'direct_low_price': None, 'sub_type_name': 'Holofoil'}]",https://www.tcgplayer.com/product/676092,Lillie's Clefairy ex,"[{'avg': None, 'low': None, 'avg1': None, 'avg7': None, 'avg30': None, 'trend': 0, 'updated_at': '2026-06-13T07:53:19.767457', 'variant_type': 'holo'}, {'avg': 124.1, 'low': 58.99, 'avg1': 129, 'avg7': 124.3, 'avg30': 124.54, 'trend': 154.6, 'updated_at': '2026-06-13T07:53:19.767457', 'variant_type': 'normal'}]",https://www.cardmarket.com/en/Pokemon/Products/Singles/Ascended-Heroes/Lillies-Clefairy-ex-V2-ASC280
Card,pk_e677e6be79b2c54977446c23489372fa0cbdc0f7d99b7a5a6f7e668eeb72ddf7c69bb0be036357b0718b5bc315da021b,Weavile - 228/217,Weavile,ME: Ascended Heroes,ASC,24541,228/217,Illustration Rare,Water,,,,[],,,,"[{'low_price': 6.5, 'mid_price': 8.34, 'high_price': 4321, 'updated_at': '2026-06-13T08:16:22.643322', 'market_price': 7.9, 'direct_low_price': None, 'sub_type_name': 'Holofoil'}]",https://www.tcgplayer.com/product/676040,Weavile,"[{'avg': 5.97, 'low': 2.5, 'avg1': 5.6, 'avg7': 5.76, 'avg30': 5.93, 'trend': 6.19, 'updated_at': '2026-06-13T07:53:19.767457', 'variant_type': 'normal'}, {'avg': None, 'low': None, 'avg1': None, 'avg7': None, 'avg30': None, 'trend': 0, 'updated_at': '2026-06-13T07:53:19.767457', 'variant_type': 'holo'}]",https://www.cardmarket.com/en/Pokemon/Products/Singles/Ascended-Heroes/Weavile-V2-ASC228
Card,pk_a41a9b88285d15c9e3668f2ebc2de61ad6bd6f8d2bba976ceb870a53a75910621fdaa87579556ce5d1f85535bea67d9d,Mega Charizard Y ex - 294/217,Mega Charizard Y ex,ME: Ascended Heroes,ASC,24541,294/217,Mega Hyper Rare,Fire,,,,[],,,,"[{'low_price': 514.86, 'mid_price': 675.04, 'high_price': 4499.56, 'updated_at': '2026-06-13T08:16:22.643322', 'market_price': 643.1, 'direct_low_price': None, 'sub_type_name': 'Holofoil'}]",https://www.tcgplayer.com/product/676106,Mega Charizard Y ex,"[{'avg': 376.27, 'low': 250, 'avg1': 294.99, 'avg7': 441.95, 'avg30': 365.26, 'trend': 357.56, 'updated_at': '2026-06-13T07:53:19.767457', 'variant_type': 'normal'}, {'avg': None, 'low': None, 'avg1': None, 'avg7': None, 'avg30': None, 'trend': 0, 'updated_at': '2026-06-13T07:53:19.767457', 'variant_type': 'holo'}]",https://www.cardmarket.com/en/Pokemon/Products/Singles/Ascended-Heroes/Mega-Charizard-Y-ex-V2-ASC294
Card,pk_4b04586626cd940e7003820a178fab7e3eb54e2588d7342f22bec995afec5e3fca33869531f5d335dd40b4340f9c1f53,Ethan's Magcargo - 222/217,Ethan's Magcargo,ME: Ascended Heroes,ASC,24541,222/217,Illustration Rare,Fire,,,,[],,,,"[{'low_price': 6.5, 'mid_price': 8.87, 'high_price': 4321, 'updated_at': '2026-06-13T08:16:22.643322', 'market_price': 7.67, 'direct_low_price': None, 'sub_type_name': 'Holofoil'}]",https://www.tcgplayer.com/product/676034,Ethan's Magcargo,"[{'avg': 6.39, 'low': 2.19, 'avg1': 6.37, 'avg7': 6.21, 'avg30': 6.27, 'trend': 6.63, 'updated_at': '2026-06-13T07:53:19.767457', 'variant_type': 'normal'}, {'avg': None, 'low': None, 'avg1': None, 'avg7': None, 'avg30': None, 'trend': 0, 'updated_at': '2026-06-13T07:53:19.767457', 'variant_type': 'holo'}]",https://www.cardmarket.com/en/Pokemon/Products/Singles/Ascended-Heroes/Ethans-Magcargo-V2-ASC222
Card,pk_dcd4a1d160e12ec8c1661ac7bb9e58b5644568914e89563b4ce03a354915bf63da675273bf6417eb74754f381914,Erika's Weepinbell,Erikas Weepinbell,ME: Ascended Heroes,ASC,24541,005/217,Uncommon,Grass,,,,[],,,,"[{'low_price': 0.01, 'mid_price': 0.15, 'high_price': 19.98, 'updated_at': '2026-06-13T08:16:22.643322', 'market_price': 0.08, 'direct_low_price': 0.01, 'sub_type_name': 'Normal'}]",https://www.tcgplayer.com/product/675817,Erika's Weepinbell,"[{'avg': 0.04, 'low': 0.02, 'avg1': 0.04, 'avg7': 0.05, 'avg30': 0.04, 'trend': 0.04, 'updated_at': '2026-06-13T07:53:19.767457', 'variant_type': 'normal'}, {'avg': None, 'low': None, 'avg1': None, 'avg7': None, 'avg30': None, 'trend': 0, 'updated_at': '2026-06-13T07:53:19.767457', 'variant_type': 'holo'}]",https://www.cardmarket.com/en/Pokemon/Products/Singles/Ascended-Heroes/Erikas-Weepinbell-ASC005
Card,pk_4ea4715f607b2fabe997416129cb5f4fa9a83ff5d4c3d4feacfcabc25bb9f41aadb3e353cea93180da214d0b0218ada4,Galarian Obstagoon - 245/217,Galarian Obstagoon,ME: Ascended Heroes,ASC,24541,245/217,Illustration Rare,Darkness,,,,[],,,,"[{'low_price': 3.4, 'mid_price': 4.99, 'high_price': 50.9, 'updated_at': '2026-06-13T08:16:22.643322', 'market_price': 4.54, 'direct_low_price': None, 'sub_type_name': 'Holofoil'}]",https://www.tcgplayer.com/product/676057,Galarian Obstagoon,"[{'avg': 3.26, 'low': 0.74, 'avg1': 3.15, 'avg7': 3.17, 'avg30': 3.3, 'trend': 3.2, 'updated_at': '2026-06-13T07:53:19.767457', 'variant_type': 'normal'}, {'avg': None, 'low': None, 'avg1': None, 'avg7': None, 'avg30': None, 'trend': 0, 'updated_at': '2026-06-13T07:53:19.767457', 'variant_type': 'holo'}]",https://www.cardmarket.com/en/Pokemon/Products/Singles/Ascended-Heroes/Galarian-Obstagoon-V2-ASC245
Card,pk_f6c92e41eea45aba286665b05e7541b776b65f40feda178bee12d728597e2b10b75d0c278ae40ce4ef16de7172d2ed,Mega Meganium ex - 010/217,Mega Meganium ex,ME: Ascended Heroes,ASC,24541,010/217,Double Rare,Grass,,,,[],,,,"[{'low_price': 0.69, 'mid_price': 1.91, 'high_price': 4321, 'updated_at': '2026-06-13T08:16:22.643322', 'market_price': 1.4, 'direct_low_price': None, 'sub_type_name': 'Holofoil'}]",https://www.tcgplayer.com/product/675822,Mega Meganium ex,"[{'avg': 2.02, 'low': 0.8, 'avg1': 2.11, 'avg7': 2.04, 'avg30': 2.36, 'trend': 1.78, 'updated_at': '2026-06-13T07:53:19.767457', 'variant_type': 'normal'}, {'avg': None, 'low': None, 'avg1': None, 'avg7': None, 'avg30': None, 'trend': 0, 'updated_at': '2026-06-13T07:53:19.767457', 'variant_type': 'holo'}]",https://www.cardmarket.com/en/Pokemon/Products/Singles/Ascended-Heroes/Mega-Meganium-ex-V1-ASC010
Card,pk_f00bf1e643b72a40c4b64c77206aed8389d202dfe9e1f055ab8619bd93572cc47aa10830d0a5bdf45613fd5c8c1803,Wurmple,Wurmple,ME: Ascended Heroes,ASC,24541,011/217,Common,Grass,,,,[],,,,"[{'low_price': 0.01, 'mid_price': 0.15, 'high_price': 19.98, 'updated_at': '2026-06-13T08:16:22.643322', 'market_price': 0.06, 'direct_low_price': 0.01, 'sub_type_name': 'Normal'}]",https://www.tcgplayer.com/product/675823,Wurmple,"[{'avg': 0.03, 'low': 0.02, 'avg1': 0.04, 'avg7': 0.03, 'avg30': 0.03, 'trend': 0.03, 'updated_at': '2026-06-13T07:53:19.767457', 'variant_type': 'normal'}, {'avg': None, 'low': None, 'avg1': None, 'avg7': None, 'avg30': None, 'trend': 0, 'updated_at': '2026-06-13T07:53:19.767457', 'variant_type': 'holo'}]",https://www.cardmarket.com/en/Pokemon/Products/Singles/Ascended-Heroes/Wurmple-ASC011
Card,pk_901938c6ae8b8e9226d0421901eacd52e83c701fe867baa00e84fcfc948a27a3956cf5d35e9c89a09595d7cf2e965b,Grubbin,Grubbin,ME: Ascended Heroes,ASC,24541,017/217,Common,Grass,,,,[],,,,"[{'low_price': 0.01, 'mid_price': 0.12, 'high_price': 19.98, 'updated_at': '2026-06-13T08:16:22.643322', 'market_price': 0.06, 'direct_low_price': 0.01, 'sub_type_name': 'Normal'}]",https://www.tcgplayer.com/product/675829,Grubbin,"[{'avg': 0.03, 'low': 0.02, 'avg1': 0.04, 'avg7': 0.03, 'avg30': 0.03, 'trend': 0.03, 'updated_at': '2026-06-13T07:53:19.767457', 'variant_type': 'normal'}, {'avg': None, 'low': None, 'avg1': None, 'avg7': None, 'avg30': None, 'trend': 0, 'updated_at': '2026-06-13T07:53:19.767457', 'variant_type': 'holo'}]",https://www.cardmarket.com/en/Pokemon/Products/Singles/Ascended-Heroes/Grubbin-ASC017
Card,pk_5a6dcd48eab70c44c4f9fbf0319520b37b50d46ec7c2dfb41f557f9a5330f1be30f043c0ad23977f5d54a70a5b81708d,Ultra Ball - 264/217,Ultra Ball,ME: Ascended Heroes,ASC,24541,264/217,Ultra Rare,,,,,[],,,,"[{'low_price': 7, 'mid_price': 9.25, 'high_price': 4321, 'updated_at': '2026-06-13T08:16:22.643322', 'market_price': 8.27, 'direct_low_price': None, 'sub_type_name': 'Holofoil'}]",https://www.tcgplayer.com/product/676076,Ultra Ball,"[{'avg': None, 'low': None, 'avg1': None, 'avg7': None, 'avg30': None, 'trend': 0, 'updated_at': '2026-06-13T07:53:19.767457', 'variant_type': 'holo'}, {'avg': 5.39, 'low': 2.79, 'avg1': 5, 'avg7': 5.35, 'avg30': 5.39, 'trend': 5.25, 'updated_at': '2026-06-13T07:53:19.767457', 'variant_type': 'normal'}]",https://www.cardmarket.com/en/Pokemon/Products/Singles/Ascended-Heroes/Ultra-Ball-V2-ASC264
Card,pk_8f8439d6a2288ec9c55d86701116564a69f72ed1cd3981a9d6c6d3069c7c61789808266a93149fb4772c97f9eac256fc,Drakloak - 248/217,Drakloak,ME: Ascended Heroes,ASC,24541,248/217,Illustration Rare,Dragon,,,,[],,,,"[{'low_price': 7, 'mid_price': 11, 'high_price': 4321, 'updated_at': '2026-06-13T08:16:22.643322', 'market_price': 8.74, 'direct_low_price': None, 'sub_type_name': 'Holofoil'}]",https://www.tcgplayer.com/product/676060,Drakloak,"[{'avg': 7.03, 'low': 3.5, 'avg1': 7.06, 'avg7': 7.16, 'avg30': 6.99, 'trend': 7.09, 'updated_at': '2026-06-13T07:53:19.767457', 'variant_type': 'normal'}, {'avg': None, 'low': None, 'avg1': None, 'avg7': None, 'avg30': None, 'trend': 0, 'updated_at': '2026-06-13T07:53:19.767457', 'variant_type': 'holo'}]",https://www.cardmarket.com/en/Pokemon/Products/Singles/Ascended-Heroes/Drakloak-V2-ASC248
Card,pk_9269fbbbe278f9a5dc5b3243bc6402dabe74df45cf1b2841134e39d8ad2040d75ad950b1f720710706b9448292f6059e,Pikachu ex - 276/217,Pikachu ex,ME: Ascended Heroes,ASC,24541,276/217,Special Illustration Rare,Lightning,,,,[],,,,"[{'low_price': 1199.99, 'mid_price': 1500, 'high_price': 5000, 'updated_at': '2026-06-13T08:16:22.643322', 'market_price': 1292.21, 'direct_low_price': None, 'sub_type_name': 'Holofoil'}]",https://www.tcgplayer.com/product/676088,Pikachu ex,"[{'avg': 1009.99, 'low': 400, 'avg1': 865, 'avg7': 857.61, 'avg30': 928.49, 'trend': 956.97, 'updated_at': '2026-06-13T07:53:19.767457', 'variant_type': 'normal'}, {'avg': None, 'low': None, 'avg1': None, 'avg7': None, 'avg30': None, 'trend': 0, 'updated_at': '2026-06-13T07:53:19.767457', 'variant_type': 'holo'}]",https://www.cardmarket.com/en/Pokemon/Products/Singles/Ascended-Heroes/Pikachu-ex-ASC277
Card,pk_1c812fed25a3244a335be91aa1b1519c2020a82b5e7e52f58489ac1f4eaccaa63e6a420514f629ed80478631834ee65e,Pikachu ex - 277/217,Pikachu ex,ME: Ascended Heroes,ASC,24541,277/217,Special Illustration Rare,Lightning,,,,[],,,,"[{'low_price': 450, 'mid_price': 499.97, 'high_price': 1000, 'updated_at': '2026-06-13T08:16:22.643322', 'market_price': 469.11, 'direct_low_price': None, 'sub_type_name': 'Holofoil'}]",https://www.tcgplayer.com/product/676089,Pikachu ex,"[{'avg': 333.18, 'low': 185.23, 'avg1': 429.99, 'avg7': 328.69, 'avg30': 315.89, 'trend': 399.16, 'updated_at': '2026-06-13T07:53:19.767457', 'variant_type': 'normal'}, {'avg': None, 'low': None, 'avg1': None, 'avg7': None, 'avg30': None, 'trend': 0, 'updated_at': '2026-06-13T07:53:19.767457', 'variant_type': 'holo'}]",https://www.cardmarket.com/en/Pokemon/Products/Singles/Ascended-Heroes/Pikachu-ex-V2-ASC276
Card,pk_de930368a28e0300d3cdf67fc12d8c245463c78afc805cc6767bf3a3d57edd9ce4beb3579fd53e4d646af06d2f672a6f,Carbink - 242/217,Carbink,ME: Ascended Heroes,ASC,24541,242/217,Illustration Rare,Fighting,,,,[],,,,"[{'low_price': 4.67, 'mid_price': 6.38, 'high_price': 4321, 'updated_at': '2026-06-13T08:16:22.643322', 'market_price': 6.12, 'direct_low_price': None, 'sub_type_name': 'Holofoil'}]",https://www.tcgplayer.com/product/676054,Carbink,"[{'avg': 3.75, 'low': 1.39, 'avg1': 3.48, 'avg7': 3.57, 'avg30': 3.76, 'trend': 3.99, 'updated_at': '2026-06-13T07:53:19.767457', 'variant_type': 'normal'}, {'avg': None, 'low': None, 'avg1': None, 'avg7': None, 'avg30': None, 'trend': 0, 'updated_at': '2026-06-13T07:53:19.767457', 'variant_type': 'holo'}]",https://www.cardmarket.com/en/Pokemon/Products/Singles/Ascended-Heroes/Carbink-V2-ASC242
Card,pk_07d24d95535c1583c526b76ae1d94ee8cc220b891cfd71b6714030baca5d6054ac6f73a589efc26460fa0856da2c7cbb,Iris's Fighting Spirit - 292/217,Iris's Fighting Spirit,ME: Ascended Heroes,ASC,24541,292/217,Special Illustration Rare,,,,,[],,,,"[{'low_price': 35, 'mid_price': 44.34, 'high_price': 450.4, 'updated_at': '2026-06-13T08:16:22.643322', 'market_price': 40.48, 'direct_low_price': 40.32, 'sub_type_name': 'Holofoil'}]",https://www.tcgplayer.com/product/676104,Iris's Fighting Spirit,"[{'avg': 32.22, 'low': 18, 'avg1': 29.59, 'avg7': 31.75, 'avg30': 31.06, 'trend': 33.89, 'updated_at': '2026-06-13T07:53:19.767457', 'variant_type': 'normal'}, {'avg': None, 'low': None, 'avg1': None, 'avg7': None, 'avg30': None, 'trend': 0, 'updated_at': '2026-06-13T07:53:19.767457', 'variant_type': 'holo'}]",https://www.cardmarket.com/en/Pokemon/Products/Singles/Ascended-Heroes/Iriss-Fighting-Spirit-V2-ASC291
Card,pk_950f140af2c6299be6193f7ac4dfb5c6a4239210269f8f7898133ab84ea25c051f34dce6701c3b6dca8e23127a98b4,Cinderace ex,Cinderace ex,ME: Ascended Heroes,ASC,24541,038/217,Double Rare,Fire,,,,[],,,,"[{'low_price': 0.35, 'mid_price': 0.81, 'high_price': 4321, 'updated_at': '2026-06-13T08:16:22.643322', 'market_price': 0.67, 'direct_low_price': 0.71, 'sub_type_name': 'Holofoil'}]",https://www.tcgplayer.com/product/675850,Cinderace ex,"[{'avg': 0.69, 'low': 0.03, 'avg1': 0.67, 'avg7': 0.69, 'avg30': 0.66, 'trend': 0.69, 'updated_at': '2026-06-13T07:53:19.767457', 'variant_type': 'normal'}, {'avg': None, 'low': None, 'avg1': None, 'avg7': None, 'avg30': None, 'trend': 0, 'updated_at': '2026-06-13T07:53:19.767457', 'variant_type': 'holo'}]",https://www.cardmarket.com/en/Pokemon/Products/Singles/Ascended-Heroes/Cinderace-ex-ASC038
Card,pk_71fa55acf87240caced3df3fa625f0438892954283830ff9078767e9976826cb1363a6daf12d6345395f30dd3b39dc,Tepig,Tepig,ME: Ascended Heroes,ASC,24541,029/217,Common,Fire,,,,[],,,,"[{'low_price': 0.01, 'mid_price': 0.15, 'high_price': 19.98, 'updated_at': '2026-06-13T08:16:22.643322', 'market_price': 0.12, 'direct_low_price': 0.01, 'sub_type_name': 'Normal'}]",https://www.tcgplayer.com/product/675841,Tepig,"[{'avg': None, 'low': None, 'avg1': None, 'avg7': None, 'avg30': None, 'trend': 0, 'updated_at': '2026-06-13T07:53:19.767457', 'variant_type': 'holo'}, {'avg': 0.03, 'low': 0.02, 'avg1': 0.03, 'avg7': 0.03, 'avg30': 0.03, 'trend': 0.03, 'updated_at': '2026-06-13T07:53:19.767457', 'variant_type': 'normal'}]",https://www.cardmarket.com/en/Pokemon/Products/Singles/Ascended-Heroes/Tepig-ASC029
Card,pk_05f14161d552c5b7ac013b95f7916bd3f788749156005e2112ae6e777f67b42d6ffbf3a616d6cf4f4e31cf48658231,Salazzle - 035/217,Salazzle,ME: Ascended Heroes,ASC,24541,035/217,Uncommon,Fire,,,,[],,,,"[{'low_price': 0.01, 'mid_price': 0.14, 'high_price': 5, 'updated_at': '2026-06-13T08:16:22.643322', 'market_price': 0.06, 'direct_low_price': 0.01, 'sub_type_name': 'Normal'}]",https://www.tcgplayer.com/product/675847,Salazzle,"[{'avg': 0.03, 'low': 0.02, 'avg1': 0.04, 'avg7': 0.03, 'avg30': 0.03, 'trend': 0.03, 'updated_at': '2026-06-13T07:53:19.767457', 'variant_type': 'normal'}, {'avg': None, 'low': None, 'avg1': None, 'avg7': None, 'avg30': None, 'trend': 0, 'updated_at': '2026-06-13T07:53:19.767457', 'variant_type': 'holo'}]",https://www.cardmarket.com/en/Pokemon/Products/Singles/Ascended-Heroes/Salazzle-V1-ASC035
Card,pk_ebd87e95de885a8e9e2b4f52c206730d9dac0d0b0fc6d773f3265739e24710d9d67077902a200b20da402f1c637d71b9,Scorbunny - 225/217,Scorbunny,ME: Ascended Heroes,ASC,24541,225/217,Illustration Rare,Fire,,,,[],,,,"[{'low_price': 10.86, 'mid_price': 13.45, 'high_price': 129.9, 'updated_at': '2026-06-13T08:16:22.643322', 'market_price': 11.47, 'direct_low_price': None, 'sub_type_name': 'Holofoil'}]",https://www.tcgplayer.com/product/676037,Scorbunny,"[{'avg': 7.71, 'low': 1.94, 'avg1': 7.97, 'avg7': 7.39, 'avg30': 7.71, 'trend': 8.42, 'updated_at': '2026-06-13T07:53:19.767457', 'variant_type': 'normal'}, {'avg': None, 'low': None, 'avg1': None, 'avg7': None, 'avg30': None, 'trend': 0, 'updated_at': '2026-06-13T07:53:19.767457', 'variant_type': 'holo'}]",https://www.cardmarket.com/en/Pokemon/Products/Singles/Ascended-Heroes/Scorbunny-V2-ASC225
Card,pk_92b18bb3dd40357b54806b285d5e46509cb41027af7492b92a64618f0b59174bf646995afd2c71445d255a15a266d2a1,Dustox - 220/217,Dustox,ME: Ascended Heroes,ASC,24541,220/217,Illustration Rare,Grass,,,,[],,,,"[{'low_price': 3.49, 'mid_price': 4.98, 'high_price': 4321, 'updated_at': '2026-06-13T08:16:22.643322', 'market_price': 4.38, 'direct_low_price': None, 'sub_type_name': 'Holofoil'}]",https://www.tcgplayer.com/product/676032,Dustox,"[{'avg': None, 'low': None, 'avg1': None, 'avg7': None, 'avg30': None, 'trend': 0, 'updated_at': '2026-06-13T07:53:19.767457', 'variant_type': 'holo'}, {'avg': 3.21, 'low': 1, 'avg1': 3.39, 'avg7': 3.21, 'avg30': 3.13, 'trend': 3.48, 'updated_at': '2026-06-13T07:53:19.767457', 'variant_type': 'normal'}]",https://www.cardmarket.com/en/Pokemon/Products/Singles/Ascended-Heroes/Dustox-V2-ASC220
Card,pk_4e48695433f561efaf2d9eff704c21a233b99b1de17d3b2feead88af0ca3ce905cb97f0c26fc614891244261618062,Croconaw,Croconaw,ME: Ascended Heroes,ASC,24541,042/217,Uncommon,Water,,,,[],,,,"[{'low_price': 0.01, 'mid_price': 0.21, 'high_price': 19.98, 'updated_at': '2026-06-13T08:16:22.643322', 'market_price': 0.28, 'direct_low_price': 0.05, 'sub_type_name': 'Normal'}]",https://www.tcgplayer.com/product/675854,Croconaw,"[{'avg': 0.04, 'low': 0.02, 'avg1': 0.05, 'avg7': 0.04, 'avg30': 0.04, 'trend': 0.04, 'updated_at': '2026-06-13T07:53:19.767457', 'variant_type': 'normal'}, {'avg': None, 'low': None, 'avg1': None, 'avg7': None, 'avg30': None, 'trend': 0, 'updated_at': '2026-06-13T07:53:19.767457', 'variant_type': 'holo'}]",https://www.cardmarket.com/en/Pokemon/Products/Singles/Ascended-Heroes/Croconaw-ASC042
Card,pk_e8d04323810d19b9647bac72e65c22b5fc712fbb15694ef3297cf691c59f74a9e3936a083f65c657516b702ac197,Erika's Oddish,Erikas Oddish,ME: Ascended Heroes,ASC,24541,001/217,Common,Grass,,,,[],,,,"[{'low_price': 0.01, 'mid_price': 0.15, 'high_price': 19.98, 'updated_at': '2026-06-14T08:36:45.258668', 'market_price': 0.08, 'direct_low_price': 0.01, 'sub_type_name': 'Normal'}]",https://www.tcgplayer.com/product/675813,Erika's Oddish,"[{'avg': 0.04, 'low': 0.02, 'avg1': 0.05, 'avg7': 0.03, 'avg30': 0.03, 'trend': 0.03, 'updated_at': '2026-06-14T08:19:40.768659', 'variant_type': 'normal'}, {'avg': None, 'low': None, 'avg1': None, 'avg7': None, 'avg30': None, 'trend': 0, 'updated_at': '2026-06-14T08:19:40.768659', 'variant_type': 'holo'}]",https://www.cardmarket.com/en/Pokemon/Products/Singles/Ascended-Heroes/Erikas-Oddish-ASC001
Card,pk_65a5bd89da2e356f07ec827be8c1387eb88423fb5ba6aa71e423748c98eddd995aa195aca641be7509a15458932be9b4,Togekiss - 235/217,Togekiss,ME: Ascended Heroes,ASC,24541,235/217,Illustration Rare,Psychic,,,,[],,,,"[{'low_price': 5.99, 'mid_price': 8.01, 'high_price': 4321, 'updated_at': '2026-06-13T08:16:22.643322', 'market_price': 7.6, 'direct_low_price': 7.7, 'sub_type_name': 'Holofoil'}]",https://www.tcgplayer.com/product/676047,Togekiss,"[{'avg': 4.11, 'low': 1.2, 'avg1': 3.81, 'avg7': 3.88, 'avg30': 4.06, 'trend': 4.31, 'updated_at': '2026-06-13T07:53:19.767457', 'variant_type': 'normal'}, {'avg': None, 'low': None, 'avg1': None, 'avg7': None, 'avg30': None, 'trend': 0, 'updated_at': '2026-06-13T07:53:19.767457', 'variant_type': 'holo'}]",https://www.cardmarket.com/en/Pokemon/Products/Singles/Ascended-Heroes/Togekiss-V2-ASC235
Card,pk_af4c66540e05afe85f1efb98cb9d1565b7517e55156edd2218bde14652fd0175642d87745d81661b9514744ef8da2605,Mega Eelektross ex - 266/217,Mega Eelektross ex,ME: Ascended Heroes,ASC,24541,266/217,Mega Attack Rare,Lightning,,,,[],,,,"[{'low_price': 3.75, 'mid_price': 5.83, 'high_price': 99, 'updated_at': '2026-06-13T08:16:22.643322', 'market_price': 4.69, 'direct_low_price': None, 'sub_type_name': 'Holofoil'}]",https://www.tcgplayer.com/product/676078,Mega Eelektross ex,"[{'avg': 4.14, 'low': 1.5, 'avg1': 4.18, 'avg7': 4.08, 'avg30': 4.28, 'trend': 3.85, 'updated_at': '2026-06-13T07:53:19.767457', 'variant_type': 'normal'}, {'avg': None, 'low': None, 'avg1': None, 'avg7': None, 'avg30': None, 'trend': 0, 'updated_at': '2026-06-13T07:53:19.767457', 'variant_type': 'holo'}]",https://www.cardmarket.com/en/Pokemon/Products/Singles/Ascended-Heroes/Mega-Eelektross-ex-V2-ASC266
Card,pk_9066ddb21c4fd0958e446180c1b3caf93c5b4fd8633bc808b077f1da04973b19858bd033d8b41ef03ec2ae6676bd3bb4,Sprigatito ex,Sprigatito ex,ME: Ascended Heroes,ASC,24541,251/217,Ultra Rare,Grass,,,,[],,,,"[{'low_price': 2.25, 'mid_price': 3.5, 'high_price': 4321, 'updated_at': '2026-06-13T08:16:22.643322', 'market_price': 2.89, 'direct_low_price': None, 'sub_type_name': 'Holofoil'}]",https://www.tcgplayer.com/product/676063,Sprigatito ex,"[{'avg': None, 'low': None, 'avg1': None, 'avg7': None, 'avg30': None, 'trend': 0, 'updated_at': '2026-06-13T07:53:19.767457', 'variant_type': 'holo'}, {'avg': 1.83, 'low': 0.18, 'avg1': 1.86, 'avg7': 1.71, 'avg30': 1.77, 'trend': 2.01, 'updated_at': '2026-06-13T07:53:19.767457', 'variant_type': 'normal'}]",https://www.cardmarket.com/en/Pokemon/Products/Singles/Ascended-Heroes/Sprigatito-ex-ASC251
Card,pk_3cfc493bb9052f00218d1850069c400ca2c16e897047bb933f476692d431063ad07c47a31c1e1e268d6618ed661aec2b,Salazzle - 224/217,Salazzle,ME: Ascended Heroes,ASC,24541,224/217,Illustration Rare,Fire,,,,[],,,,"[{'low_price': 2.99, 'mid_price': 4.05, 'high_price': 4321, 'updated_at': '2026-06-13T08:16:22.643322', 'market_price': 3.62, 'direct_low_price': None, 'sub_type_name': 'Holofoil'}]",https://www.tcgplayer.com/product/676036,Salazzle,"[{'avg': 3.42, 'low': 0.9, 'avg1': 3.52, 'avg7': 3.52, 'avg30': 3.38, 'trend': 3.66, 'updated_at': '2026-06-13T07:53:19.767457', 'variant_type': 'normal'}, {'avg': None, 'low': None, 'avg1': None, 'avg7': None, 'avg30': None, 'trend': 0, 'updated_at': '2026-06-13T07:53:19.767457', 'variant_type': 'holo'}]",https://www.cardmarket.com/en/Pokemon/Products/Singles/Ascended-Heroes/Salazzle-V2-ASC224
Card,pk_8dff2d3e5e1427d807a5e1a100a7b3f182860cd8f469a90f2e9f6841560f8e57ea3510b46e0b415724ca0cae8186ee5e,Steven's Metagross ex,Stevens Metagross ex,ME: Ascended Heroes,ASC,24541,289/217,Special Illustration Rare,Metal,,,,[],,,,"[{'low_price': 100, 'mid_price': 115.74, 'high_price': 1265, 'updated_at': '2026-06-13T08:16:22.643322', 'market_price': 105.26, 'direct_low_price': None, 'sub_type_name': 'Holofoil'}]",https://www.tcgplayer.com/product/676101,Steven's Metagross ex,"[{'avg': 76.96, 'low': 35, 'avg1': 63.98, 'avg7': 79.99, 'avg30': 70.09, 'trend': 84.94, 'updated_at': '2026-06-13T07:53:19.767457', 'variant_type': 'normal'}, {'avg': None, 'low': None, 'avg1': None, 'avg7': None, 'avg30': None, 'trend': 0, 'updated_at': '2026-06-13T07:53:19.767457', 'variant_type': 'holo'}]",https://www.cardmarket.com/en/Pokemon/Products/Singles/Ascended-Heroes/Stevens-Metagross-ex-ASC289
Card,pk_777c84f0d9cbba67d578446ad6624a8c6f1290229df73a2754be150a359d1789de035458e87c3642fbd908d1d209244c,Stunfisk ex - 252/217,Stunfisk ex,ME: Ascended Heroes,ASC,24541,252/217,Ultra Rare,Fighting,,,,[],,,,"[{'low_price': 0.4, 'mid_price': 0.99, 'high_price': 19.98, 'updated_at': '2026-06-13T08:16:22.643322', 'market_price': 0.65, 'direct_low_price': 0.4, 'sub_type_name': 'Holofoil'}]",https://www.tcgplayer.com/product/676064,Stunfisk ex,"[{'avg': 0.78, 'low': 0.02, 'avg1': 0.74, 'avg7': 0.72, 'avg30': 0.75, 'trend': 0.83, 'updated_at': '2026-06-13T07:53:19.767457', 'variant_type': 'normal'}, {'avg': None, 'low': None, 'avg1': None, 'avg7': None, 'avg30': None, 'trend': 0, 'updated_at': '2026-06-13T07:53:19.767457', 'variant_type': 'holo'}]",https://www.cardmarket.com/en/Pokemon/Products/Singles/Ascended-Heroes/Stunfisk-ex-V2-ASC252
Card,pk_e75d509b70d7ea3c35ad24532cfd13dd85cb1f311f5c14b1f1da3ec0bbc47e88ff2c8d6f2d8fccd2c26ed30d7b4049d9,Heliolisk - 229/217,Heliolisk,ME: Ascended Heroes,ASC,24541,229/217,Illustration Rare,Lightning,,,,[],,,,"[{'low_price': 2, 'mid_price': 3.05, 'high_price': 4321, 'updated_at': '2026-06-13T08:16:22.643322', 'market_price': 3.1, 'direct_low_price': None, 'sub_type_name': 'Holofoil'}]",https://www.tcgplayer.com/product/676041,Heliolisk,"[{'avg': 2.11, 'low': 0.8, 'avg1': 2.18, 'avg7': 2.11, 'avg30': 2.06, 'trend': 2.21, 'updated_at': '2026-06-13T07:53:19.767457', 'variant_type': 'normal'}, {'avg': None, 'low': None, 'avg1': None, 'avg7': None, 'avg30': None, 'trend': 0, 'updated_at': '2026-06-13T07:53:19.767457', 'variant_type': 'holo'}]",https://www.cardmarket.com/en/Pokemon/Products/Singles/Ascended-Heroes/Heliolisk-V2-ASC229
Card,pk_b93c7df43e629fccaea033bafbfcfdcb93e065fa39ec72d6664061ac321720c3d536dba5f9ccfb09d2b5b569030c49,Ethan's Slugma,Ethans Slugma,ME: Ascended Heroes,ASC,24541,023/217,Common,Fire,,,,[],,,,"[{'low_price': 0.01, 'mid_price': 0.14, 'high_price': 19.98, 'updated_at': '2026-06-13T08:16:22.643322', 'market_price': 0.11, 'direct_low_price': 0.01, 'sub_type_name': 'Normal'}]",https://www.tcgplayer.com/product/675835,Ethan's Slugma,"[{'avg': 0.03, 'low': 0.02, 'avg1': 0.03, 'avg7': 0.03, 'avg30': 0.03, 'trend': 0.03, 'updated_at': '2026-06-13T07:53:19.767457', 'variant_type': 'normal'}, {'avg': None, 'low': None, 'avg1': None, 'avg7': None, 'avg30': None, 'trend': 0, 'updated_at': '2026-06-13T07:53:19.767457', 'variant_type': 'holo'}]",https://www.cardmarket.com/en/Pokemon/Products/Singles/Ascended-Heroes/Ethans-Slugma-ASC023
Card,pk_ce164ac1caf190e343be008115f2268b7e28d45767f91459e8448605d9b7e057cb5d7eceaaf31af6101efbda137baaef,Mega Gengar ex - 269/217,Mega Gengar ex,ME: Ascended Heroes,ASC,24541,269/217,Mega Attack Rare,Darkness,,,,[],,,,"[{'low_price': 68.52, 'mid_price': 89.11, 'high_price': 632.2, 'updated_at': '2026-06-13T08:16:22.643322', 'market_price': 76.35, 'direct_low_price': 83.46, 'sub_type_name': 'Holofoil'}]",https://www.tcgplayer.com/product/676081,Mega Gengar ex,"[{'avg': 49.94, 'low': 24, 'avg1': 49.78, 'avg7': 49.47, 'avg30': 50.13, 'trend': 50.93, 'updated_at': '2026-06-13T07:53:19.767457', 'variant_type': 'normal'}, {'avg': None, 'low': None, 'avg1': None, 'avg7': None, 'avg30': None, 'trend': 0, 'updated_at': '2026-06-13T07:53:19.767457', 'variant_type': 'holo'}]",https://www.cardmarket.com/en/Pokemon/Products/Singles/Ascended-Heroes/Mega-Gengar-ex-V2-ASC269
Card,pk_70bc18c160c471b6fedb592c77d6cbea18a10560ec28ff213e08117353251278481ee5b0d8da7e0a5fe77da634f7c218,Marill - 232/217,Marill,ME: Ascended Heroes,ASC,24541,232/217,Illustration Rare,Psychic,,,,[],,,,"[{'low_price': 15, 'mid_price': 19.15, 'high_price': 4321, 'updated_at': '2026-06-13T08:16:22.643322', 'market_price': 17.14, 'direct_low_price': None, 'sub_type_name': 'Holofoil'}]",https://www.tcgplayer.com/product/676044,Marill,"[{'avg': 7.88, 'low': 2.89, 'avg1': 7.99, 'avg7': 7.6, 'avg30': 7.78, 'trend': 8.71, 'updated_at': '2026-06-13T07:53:19.767457', 'variant_type': 'normal'}, {'avg': None, 'low': None, 'avg1': None, 'avg7': None, 'avg30': None, 'trend': 0, 'updated_at': '2026-06-13T07:53:19.767457', 'variant_type': 'holo'}]",https://www.cardmarket.com/en/Pokemon/Products/Singles/Ascended-Heroes/Marill-V2-ASC232
Card,pk_e17e5186bdf112213d38b6fd678a8188f6f4c01873edb7ca957c8a45141f6b66af50133837709570908f5e3e3e7df19b,Mega Feraligatr ex - 274/217,Mega Feraligatr ex,ME: Ascended Heroes,ASC,24541,274/217,Special Illustration Rare,Water,,,,[],,,,"[{'low_price': 169.99, 'mid_price': 199.99, 'high_price': 1706.8, 'updated_at': '2026-06-13T08:16:22.643322', 'market_price': 188.59, 'direct_low_price': None, 'sub_type_name': 'Holofoil'}]",https://www.tcgplayer.com/product/676086,Mega Feraligatr ex,"[{'avg': None, 'low': None, 'avg1': None, 'avg7': None, 'avg30': None, 'trend': 0, 'updated_at': '2026-06-13T07:53:19.767457', 'variant_type': 'holo'}, {'avg': 109.64, 'low': 70, 'avg1': 149, 'avg7': 110.32, 'avg30': 104.91, 'trend': 134.86, 'updated_at': '2026-06-13T07:53:19.767457', 'variant_type': 'normal'}]",https://www.cardmarket.com/en/Pokemon/Products/Singles/Ascended-Heroes/Mega-Feraligatr-ex-V2-ASC274
Card,pk_c5ebce33fa78744a32584aad186a41be7d6a03a132f7342b66cba04ba6734d4d843a22977e789a539d531e86ea60c7,Salandit,Salandit,ME: Ascended Heroes,ASC,24541,034/217,Common,Fire,,,,[],,,,"[{'low_price': 0.01, 'mid_price': 0.15, 'high_price': 1.65, 'updated_at': '2026-06-13T08:16:22.643322', 'market_price': 0.07, 'direct_low_price': 0.01, 'sub_type_name': 'Normal'}]",https://www.tcgplayer.com/product/675846,Salandit,"[{'avg': 0.03, 'low': 0.02, 'avg1': 0.05, 'avg7': 0.04, 'avg30': 0.03, 'trend': 0.04, 'updated_at': '2026-06-13T07:53:19.767457', 'variant_type': 'normal'}, {'avg': None, 'low': None, 'avg1': None, 'avg7': None, 'avg30': None, 'trend': 0, 'updated_at': '2026-06-13T07:53:19.767457', 'variant_type': 'holo'}]",https://www.cardmarket.com/en/Pokemon/Products/Singles/Ascended-Heroes/Salandit-ASC034
Card,pk_8fa6d0d3e74ba95b16557d851c65e3fff97c8e0d7207f6de5e34dc00968fb67085d797ec74266ee935754538cc227521,Budew - 221/217,Budew,ME: Ascended Heroes,ASC,24541,221/217,Illustration Rare,Grass,,,,[],,,,"[{'low_price': 10, 'mid_price': 12.75, 'high_price': 164.5, 'updated_at': '2026-06-13T08:16:22.643322', 'market_price': 11.71, 'direct_low_price': 12.99, 'sub_type_name': 'Holofoil'}]",https://www.tcgplayer.com/product/676033,Budew,"[{'avg': 6.71, 'low': 2.4, 'avg1': 6.95, 'avg7': 6.67, 'avg30': 6.85, 'trend': 6.64, 'updated_at': '2026-06-13T07:53:19.767457', 'variant_type': 'normal'}, {'avg': None, 'low': None, 'avg1': None, 'avg7': None, 'avg30': None, 'trend': 0, 'updated_at': '2026-06-13T07:53:19.767457', 'variant_type': 'holo'}]",https://www.cardmarket.com/en/Pokemon/Products/Singles/Ascended-Heroes/Budew-V2-ASC221
Card,pk_de3d2fe727a8648b8875f2fb88dc9bd7bde70915ee19430d14c3d7b8b2696a8f1e0349fcbcc2e9a9314109120ff3907d,Mega Hawlucha ex - 283/217,Mega Hawlucha ex,ME: Ascended Heroes,ASC,24541,283/217,Special Illustration Rare,Fighting,,,,[],,,,"[{'low_price': 73, 'mid_price': 80, 'high_price': 4321, 'updated_at': '2026-06-13T08:16:22.643322', 'market_price': 76.72, 'direct_low_price': 75.99, 'sub_type_name': 'Holofoil'}]",https://www.tcgplayer.com/product/676095,Mega Hawlucha ex,"[{'avg': None, 'low': None, 'avg1': None, 'avg7': None, 'avg30': None, 'trend': 0, 'updated_at': '2026-06-13T07:53:19.767457', 'variant_type': 'holo'}, {'avg': 40.19, 'low': 24.9, 'avg1': 40.99, 'avg7': 42.51, 'avg30': 39.61, 'trend': 39.22, 'updated_at': '2026-06-13T07:53:19.767457', 'variant_type': 'normal'}]",https://www.cardmarket.com/en/Pokemon/Products/Singles/Ascended-Heroes/Mega-Hawlucha-ex-V3-ASC283
Card,pk_48693b13e35bab23f044cd19e90995ba3bc10ecf4731f5fef2a6318d96daa81094ee00169746b74f1a859c80e672fcd3,Team Rocket's Mewtwo ex - 281/217,Team Rocket's Mewtwo ex,ME: Ascended Heroes,ASC,24541,281/217,Special Illustration Rare,Psychic,,,,[],,,,"[{'low_price': 413, 'mid_price': 495, 'high_price': 1500, 'updated_at': '2026-06-13T08:16:22.643322', 'market_price': 459.03, 'direct_low_price': None, 'sub_type_name': 'Holofoil'}]",https://www.tcgplayer.com/product/676093,Team Rocket's Mewtwo ex,"[{'avg': 394.94, 'low': 170, 'avg1': 349.5, 'avg7': 333.89, 'avg30': 349.81, 'trend': 396.67, 'updated_at': '2026-06-13T07:53:19.767457', 'variant_type': 'normal'}, {'avg': None, 'low': None, 'avg1': None, 'avg7': None, 'avg30': None, 'trend': 0, 'updated_at': '2026-06-13T07:53:19.767457', 'variant_type': 'holo'}]",https://www.cardmarket.com/en/Pokemon/Products/Singles/Ascended-Heroes/Team-Rockets-Mewtwo-ex-V2-ASC281
Card,pk_4dc961f91a6289b1308782a7e5aaec0c0321586fdc00abe6697a0e15abb3a014aede14c1ebd5f70bfd45a8f179467359,Medicham - 241/217,Medicham,ME: Ascended Heroes,ASC,24541,241/217,Illustration Rare,Fighting,,,,[],,,,"[{'low_price': 5.29, 'mid_price': 7.1, 'high_price': 4321, 'updated_at': '2026-06-13T08:16:22.643322', 'market_price': 6.24, 'direct_low_price': None, 'sub_type_name': 'Holofoil'}]",https://www.tcgplayer.com/product/676053,Medicham,"[{'avg': 3.4, 'low': 1, 'avg1': 3.01, 'avg7': 3.44, 'avg30': 3.45, 'trend': 3.56, 'updated_at': '2026-06-13T07:53:19.767457', 'variant_type': 'normal'}, {'avg': None, 'low': None, 'avg1': None, 'avg7': None, 'avg30': None, 'trend': 0, 'updated_at': '2026-06-13T07:53:19.767457', 'variant_type': 'holo'}]",https://www.cardmarket.com/en/Pokemon/Products/Singles/Ascended-Heroes/Medicham-V2-ASC241
Card,pk_80f601591d343674ef74918f6ee44cfbe8e623ce6c6d96cf690fb53a175f73e77bee40e8da4ebbcd30ce91381ac7,Erika's Tangela - 007/217,Erika's Tangela,ME: Ascended Heroes,ASC,24541,007/217,Common,Grass,,,,[],,,,"[{'low_price': 0.01, 'mid_price': 0.15, 'high_price': 19.98, 'updated_at': '2026-06-13T08:16:22.643322', 'market_price': 0.16, 'direct_low_price': 0.01, 'sub_type_name': 'Normal'}]",https://www.tcgplayer.com/product/675819,Erika's Tangela,"[{'avg': 0.03, 'low': 0.02, 'avg1': 0.04, 'avg7': 0.03, 'avg30': 0.03, 'trend': 0.03, 'updated_at': '2026-06-13T07:53:19.767457', 'variant_type': 'normal'}, {'avg': None, 'low': None, 'avg1': None, 'avg7': None, 'avg30': None, 'trend': 0, 'updated_at': '2026-06-13T07:53:19.767457', 'variant_type': 'holo'}]",https://www.cardmarket.com/en/Pokemon/Products/Singles/Ascended-Heroes/Erikas-Tangela-V1-ASC007
Card,pk_344cfbbec3e46c461a0f28168542f0fa809beefa28eaa9df8a685edd8f6045a5c4e8625c2075d1e586e65605e752559d,Iono's Bellibolt ex - 279/217,Iono's Bellibolt ex,ME: Ascended Heroes,ASC,24541,279/217,Special Illustration Rare,Lightning,,,,[],,,,"[{'low_price': 74.04, 'mid_price': 84.63, 'high_price': 864.3, 'updated_at': '2026-06-13T08:16:22.643322', 'market_price': 73.88, 'direct_low_price': None, 'sub_type_name': 'Holofoil'}]",https://www.tcgplayer.com/product/676091,Iono's Bellibolt ex,"[{'avg': 38.42, 'low': 22, 'avg1': 38.38, 'avg7': 37.66, 'avg30': 38.44, 'trend': 41.4, 'updated_at': '2026-06-13T07:53:19.767457', 'variant_type': 'normal'}, {'avg': None, 'low': None, 'avg1': None, 'avg7': None, 'avg30': None, 'trend': 0, 'updated_at': '2026-06-13T07:53:19.767457', 'variant_type': 'holo'}]",https://www.cardmarket.com/en/Pokemon/Products/Singles/Ascended-Heroes/Ionos-Bellibolt-ex-V2-ASC279
Card,pk_ca2f68e1eb9404dc973771ede01e59b0a3d0076e162adbf153537f6f9cd6e3d299a71b9bf01132f83baf60508fcd,Bayleef,Bayleef,ME: Ascended Heroes,ASC,24541,009/217,Uncommon,Grass,,,,[],,,,"[{'low_price': 0.01, 'mid_price': 0.21, 'high_price': 19.98, 'updated_at': '2026-06-13T08:16:22.643322', 'market_price': 0.2, 'direct_low_price': 0.13, 'sub_type_name': 'Normal'}]",https://www.tcgplayer.com/product/675821,Bayleef,"[{'avg': 0.06, 'low': 0.02, 'avg1': 0.04, 'avg7': 0.06, 'avg30': 0.06, 'trend': 0.04, 'updated_at': '2026-06-13T07:53:19.767457', 'variant_type': 'normal'}, {'avg': None, 'low': None, 'avg1': None, 'avg7': None, 'avg30': None, 'trend': 0, 'updated_at': '2026-06-13T07:53:19.767457', 'variant_type': 'holo'}]",https://www.cardmarket.com/en/Pokemon/Products/Singles/Ascended-Heroes/Bayleef-ASC009
Card,pk_5d523e9796a3c70402080558ddc2ca56935011353d59bd319a33292291221f871e8850e9f66cbeeb2e56141d8564c3,Cascoon,Cascoon,ME: Ascended Heroes,ASC,24541,014/217,Common,Grass,,,,[],,,,"[{'low_price': 0.01, 'mid_price': 0.15, 'high_price': 19.98, 'updated_at': '2026-06-13T08:16:22.643322', 'market_price': 0.08, 'direct_low_price': 0.01, 'sub_type_name': 'Normal'}]",https://www.tcgplayer.com/product/675826,Cascoon,"[{'avg': 0.04, 'low': 0.02, 'avg1': 0.04, 'avg7': 0.04, 'avg30': 0.03, 'trend': 0.05, 'updated_at': '2026-06-13T07:53:19.767457', 'variant_type': 'normal'}, {'avg': None, 'low': None, 'avg1': None, 'avg7': None, 'avg30': None, 'trend': 0, 'updated_at': '2026-06-13T07:53:19.767457', 'variant_type': 'holo'}]",https://www.cardmarket.com/en/Pokemon/Products/Singles/Ascended-Heroes/Cascoon-ASC014
Card,pk_ca69ea2b6e47ade4db5beb623bc440d9d9a06525085eade3e2d2c17a7cdfe3fd75bfed603aaa488bcf2704c5728fc82b,Team Rocket's Mimikyu - 238/217,Team Rocket's Mimikyu,ME: Ascended Heroes,ASC,24541,238/217,Illustration Rare,Psychic,,,,[],,,,"[{'low_price': 29, 'mid_price': 33.89, 'high_price': 308.4, 'updated_at': '2026-06-13T08:16:22.643322', 'market_price': 29.74, 'direct_low_price': None, 'sub_type_name': 'Holofoil'}]",https://www.tcgplayer.com/product/676050,Team Rocket's Mimikyu,"[{'avg': 14.32, 'low': 5.9, 'avg1': 14.73, 'avg7': 14.43, 'avg30': 13.53, 'trend': 16.25, 'updated_at': '2026-06-13T07:53:19.767457', 'variant_type': 'normal'}, {'avg': None, 'low': None, 'avg1': None, 'avg7': None, 'avg30': None, 'trend': 0, 'updated_at': '2026-06-13T07:53:19.767457', 'variant_type': 'holo'}]",https://www.cardmarket.com/en/Pokemon/Products/Singles/Ascended-Heroes/Team-Rockets-Mimikyu-V2-ASC238
Card,pk_dddef630d818ca7eea0a23d3d079b9cf4c8799323028892c8548e7b1266e99d613deac6ae92ba7183363d03d968311ed,Anthea & Concordia - 254/217,Anthea & Concordia,ME: Ascended Heroes,ASC,24541,254/217,Ultra Rare,,,,,[],,,,"[{'low_price': 0.7, 'mid_price': 1.33, 'high_price': 4321, 'updated_at': '2026-06-13T08:16:22.643322', 'market_price': 1.11, 'direct_low_price': 1.07, 'sub_type_name': 'Holofoil'}]",https://www.tcgplayer.com/product/676066,Anthea & Concordia,"[{'avg': 1.24, 'low': 0.15, 'avg1': 0.96, 'avg7': 1.13, 'avg30': 1.23, 'trend': 1.19, 'updated_at': '2026-06-13T07:53:19.767457', 'variant_type': 'normal'}, {'avg': None, 'low': None, 'avg1': None, 'avg7': None, 'avg30': None, 'trend': 0, 'updated_at': '2026-06-13T07:53:19.767457', 'variant_type': 'holo'}]",https://www.cardmarket.com/en/Pokemon/Products/Singles/Ascended-Heroes/Anthea-Concordia-V2-ASC254
Card,pk_3c58f2dd54c1040173db5de5886c18021ccd69e784a52692a3b57a298338b2b3c095117bd2db0a37222040eb38d0de,Team Rocket's Tarountula,Team Rockets Tarountula,ME: Ascended Heroes,ASC,24541,018/217,Common,Grass,,,,[],,,,"[{'low_price': 0.01, 'mid_price': 0.18, 'high_price': 19.98, 'updated_at': '2026-06-13T08:16:22.643322', 'market_price': 0.16, 'direct_low_price': 0.01, 'sub_type_name': 'Normal'}]",https://www.tcgplayer.com/product/675830,Team Rocket's Tarountula,"[{'avg': 0.05, 'low': 0.02, 'avg1': 0.07, 'avg7': 0.04, 'avg30': 0.05, 'trend': 0.04, 'updated_at': '2026-06-13T07:53:19.767457', 'variant_type': 'normal'}, {'avg': None, 'low': None, 'avg1': None, 'avg7': None, 'avg30': None, 'trend': 0, 'updated_at': '2026-06-13T07:53:19.767457', 'variant_type': 'holo'}]",https://www.cardmarket.com/en/Pokemon/Products/Singles/Ascended-Heroes/Team-Rockets-Tarountula-ASC018
Card,pk_b2d934f07b2b68a1b4695191c6236420bb292527141643e70c089a1133fc5c3f72d434352399d9d217df1bb077dede50,Psyduck - 226/217,Psyduck,ME: Ascended Heroes,ASC,24541,226/217,Illustration Rare,Water,,,,[],,,,"[{'low_price': 97.01, 'mid_price': 119.99, 'high_price': 999, 'updated_at': '2026-06-13T08:16:22.643322', 'market_price': 111.05, 'direct_low_price': None, 'sub_type_name': 'Holofoil'}]",https://www.tcgplayer.com/product/676038,Psyduck,"[{'avg': 62.11, 'low': 22, 'avg1': 61.6, 'avg7': 61.94, 'avg30': 56.35, 'trend': 69.74, 'updated_at': '2026-06-13T07:53:19.767457', 'variant_type': 'normal'}, {'avg': None, 'low': None, 'avg1': None, 'avg7': None, 'avg30': None, 'trend': 0, 'updated_at': '2026-06-13T07:53:19.767457', 'variant_type': 'holo'}]",https://www.cardmarket.com/en/Pokemon/Products/Singles/Ascended-Heroes/Psyduck-V2-ASC226
Card,pk_ccdb13d56f18dd4a5eb71655489427af43ce2c49bce25b00e03f9ed4de8056c80e8c133b0b2043d45a84a368e1a0,Erika's Vileplume ex,Erikas Vileplume ex,ME: Ascended Heroes,ASC,24541,003/217,Double Rare,Grass,,,,[],,,,"[{'low_price': 0.08, 'mid_price': 1.1, 'high_price': 4321, 'updated_at': '2026-06-13T08:16:22.643322', 'market_price': 0.87, 'direct_low_price': 0.96, 'sub_type_name': 'Holofoil'}]",https://www.tcgplayer.com/product/675815,Erika's Vileplume ex,"[{'avg': 0.87, 'low': 0.05, 'avg1': 0.84, 'avg7': 0.82, 'avg30': 0.85, 'trend': 0.84, 'updated_at': '2026-06-13T07:53:19.767457', 'variant_type': 'normal'}, {'avg': None, 'low': None, 'avg1': None, 'avg7': None, 'avg30': None, 'trend': 0, 'updated_at': '2026-06-13T07:53:19.767457', 'variant_type': 'holo'}]",https://www.cardmarket.com/en/Pokemon/Products/Singles/Ascended-Heroes/Erikas-Vileplume-ex-ASC003
Card,pk_24fc694fed794c67d8e5ad4e54927f949162c409011efe49cfd879a1988101404e2aefb257c2ae9477be2fb38c2dc923,Hop's Trevenant - 237/217,Hop's Trevenant,ME: Ascended Heroes,ASC,24541,237/217,Illustration Rare,Psychic,,,,[],,,,"[{'low_price': 4.99, 'mid_price': 6.8, 'high_price': 4321, 'updated_at': '2026-06-13T08:16:22.643322', 'market_price': 6.48, 'direct_low_price': None, 'sub_type_name': 'Holofoil'}]",https://www.tcgplayer.com/product/676049,Hop's Trevenant,"[{'avg': 3.84, 'low': 1, 'avg1': 4.2, 'avg7': 3.79, 'avg30': 3.76, 'trend': 4.03, 'updated_at': '2026-06-13T07:53:19.767457', 'variant_type': 'normal'}, {'avg': None, 'low': None, 'avg1': None, 'avg7': None, 'avg30': None, 'trend': 0, 'updated_at': '2026-06-13T07:53:19.767457', 'variant_type': 'holo'}]",https://www.cardmarket.com/en/Pokemon/Products/Singles/Ascended-Heroes/Hops-Trevenant-V2-ASC237
Card,pk_69199194dd0e1d1ae7ac75fb8dc2f9118b60c78c5cdf2fe8905bd06a9deb5c137db3f655b43d46edb9da8571a6b52b84,Buddy-Buddy Poffin,Buddy Buddy Poffin,ME: Ascended Heroes,ASC,24541,184/217,Common,,,,,[],,,,"[{'low_price': 0.01, 'mid_price': 0.24, 'high_price': 19.98, 'updated_at': '2026-06-13T08:16:22.643322', 'market_price': 0.17, 'direct_low_price': 0.21, 'sub_type_name': 'Reverse Holofoil'}, {'low_price': 0.01, 'mid_price': 0.2, 'high_price': 19.98, 'updated_at': '2026-06-13T08:16:22.643322', 'market_price': 0.16, 'direct_low_price': 0.05, 'sub_type_name': 'Normal'}]",https://www.tcgplayer.com/product/675996,Buddy-Buddy Poffin,"[{'avg': 0.09, 'low': 0.02, 'avg1': 0.09, 'avg7': 0.08, 'avg30': 0.09, 'trend': 0.1, 'updated_at': '2026-06-13T07:53:19.767457', 'variant_type': 'normal'}, {'avg': 0.19, 'low': 0.02, 'avg1': 0.25, 'avg7': 0.23, 'avg30': 0.2, 'trend': 0.22, 'updated_at': '2026-06-13T07:53:19.767457', 'variant_type': 'holo'}]",https://www.cardmarket.com/en/Pokemon/Products/Singles/Ascended-Heroes/Buddy-Buddy-Poffin-ASC184
Card,pk_ebf2fa9ffc3a19e83b08e05e063f18e494811650b9867308e95e2c3464d5724f8e34b9b9517d0e0bc732e7045502,Erika's Victreebel,Erikas Victreebel,ME: Ascended Heroes,ASC,24541,006/217,Rare,Grass,,,,[],,,,"[{'low_price': 0.01, 'mid_price': 0.2, 'high_price': 19.98, 'updated_at': '2026-06-13T08:16:22.643322', 'market_price': 0.07, 'direct_low_price': 0.01, 'sub_type_name': 'Holofoil'}]",https://www.tcgplayer.com/product/675818,Erika's Victreebel,"[{'avg': 0.06, 'low': 0.02, 'avg1': 0.04, 'avg7': 0.05, 'avg30': 0.06, 'trend': 0.07, 'updated_at': '2026-06-13T07:53:19.767457', 'variant_type': 'normal'}, {'avg': None, 'low': None, 'avg1': None, 'avg7': None, 'avg30': None, 'trend': 0, 'updated_at': '2026-06-13T07:53:19.767457', 'variant_type': 'holo'}]",https://www.cardmarket.com/en/Pokemon/Products/Singles/Ascended-Heroes/Erikas-Victreebel-ASC006
Card,pk_03edd70695037cf1d5d3207ab33b36c8109506da49f57534778d09423aa111886aaf32ebc0ee16782fddae709be40d,Silcoon,Silcoon,ME: Ascended Heroes,ASC,24541,012/217,Common,Grass,,,,[],,,,"[{'low_price': 0.01, 'mid_price': 0.2, 'high_price': 19.98, 'updated_at': '2026-06-13T08:16:22.643322', 'market_price': 0.21, 'direct_low_price': 0.01, 'sub_type_name': 'Normal'}]",https://www.tcgplayer.com/product/675824,Silcoon,"[{'avg': 0.04, 'low': 0.02, 'avg1': 0.04, 'avg7': 0.05, 'avg30': 0.04, 'trend': 0.05, 'updated_at': '2026-06-13T07:53:19.767457', 'variant_type': 'normal'}, {'avg': None, 'low': None, 'avg1': None, 'avg7': None, 'avg30': None, 'trend': 0, 'updated_at': '2026-06-13T07:53:19.767457', 'variant_type': 'holo'}]",https://www.cardmarket.com/en/Pokemon/Products/Singles/Ascended-Heroes/Silcoon-ASC012
Card,pk_17f9e7d11c52aca6c949f6123ec37f6b8728303c6f54ee343d10e3cb5fa869fd2cb5217433dc8643b60663b963f075,Pignite,Pignite,ME: Ascended Heroes,ASC,24541,030/217,Uncommon,Fire,,,,[],,,,"[{'low_price': 0.01, 'mid_price': 0.15, 'high_price': 19.98, 'updated_at': '2026-06-13T08:16:22.643322', 'market_price': 0.13, 'direct_low_price': 0.01, 'sub_type_name': 'Normal'}]",https://www.tcgplayer.com/product/675842,Pignite,"[{'avg': None, 'low': None, 'avg1': None, 'avg7': None, 'avg30': None, 'trend': 0, 'updated_at': '2026-06-13T07:53:19.767457', 'variant_type': 'holo'}, {'avg': 0.03, 'low': 0.02, 'avg1': 0.04, 'avg7': 0.03, 'avg30': 0.03, 'trend': 0.03, 'updated_at': '2026-06-13T07:53:19.767457', 'variant_type': 'normal'}]",https://www.cardmarket.com/en/Pokemon/Products/Singles/Ascended-Heroes/Pignite-ASC030
Card,pk_b9c2b1beadf2a1fc0bfbcbdc0e49c1a9516b0354f98de13757474a18b55acf282cbd1760ea41b03c4242166c305d41,Camerupt,Camerupt,ME: Ascended Heroes,ASC,24541,028/217,Uncommon,Fire,,,,[],,,,"[{'low_price': 0.01, 'mid_price': 0.13, 'high_price': 19.98, 'updated_at': '2026-06-13T08:16:22.643322', 'market_price': 0.06, 'direct_low_price': 0.01, 'sub_type_name': 'Normal'}]",https://www.tcgplayer.com/product/675840,Camerupt,"[{'avg': 0.03, 'low': 0.02, 'avg1': 0.04, 'avg7': 0.04, 'avg30': 0.03, 'trend': 0.03, 'updated_at': '2026-06-13T07:53:19.767457', 'variant_type': 'normal'}, {'avg': None, 'low': None, 'avg1': None, 'avg7': None, 'avg30': None, 'trend': 0, 'updated_at': '2026-06-13T07:53:19.767457', 'variant_type': 'holo'}]",https://www.cardmarket.com/en/Pokemon/Products/Singles/Ascended-Heroes/Camerupt-ASC028
Card,pk_4fba2665af1e436480e3732114d4b367c9fbff99a2194a668c59cd49eebed5ddd8298dfc4332a454b00550a35a7840,N's Darumaka,Ns Darumaka,ME: Ascended Heroes,ASC,24541,032/217,Common,Fire,,,,[],,,,"[{'low_price': 0.01, 'mid_price': 0.15, 'high_price': 19.98, 'updated_at': '2026-06-13T08:16:22.643322', 'market_price': 0.1, 'direct_low_price': 0.01, 'sub_type_name': 'Normal'}]",https://www.tcgplayer.com/product/675844,N's Darumaka,"[{'avg': None, 'low': None, 'avg1': None, 'avg7': None, 'avg30': None, 'trend': 0, 'updated_at': '2026-06-13T07:53:19.767457', 'variant_type': 'holo'}, {'avg': 0.04, 'low': 0.02, 'avg1': 0.04, 'avg7': 0.03, 'avg30': 0.04, 'trend': 0.04, 'updated_at': '2026-06-13T07:53:19.767457', 'variant_type': 'normal'}]",https://www.cardmarket.com/en/Pokemon/Products/Singles/Ascended-Heroes/Ns-Darumaka-ASC032
Card,pk_ee39d9bf0cb4a83327fba9b197f75af2fb9c0bf65c20d3c97932e90ed028d7de21902183b16361a4ee096ba61bce74bd,Hitmontop - 240/217,Hitmontop,ME: Ascended Heroes,ASC,24541,240/217,Illustration Rare,Fighting,,,,[],,,,"[{'low_price': 7.22, 'mid_price': 9.83, 'high_price': 75, 'updated_at': '2026-06-13T08:16:22.643322', 'market_price': 9.41, 'direct_low_price': None, 'sub_type_name': 'Holofoil'}]",https://www.tcgplayer.com/product/676052,Hitmontop,"[{'avg': None, 'low': None, 'avg1': None, 'avg7': None, 'avg30': None, 'trend': 0, 'updated_at': '2026-06-13T07:53:19.767457', 'variant_type': 'holo'}, {'avg': 4.08, 'low': 1.29, 'avg1': 3.96, 'avg7': 4.2, 'avg30': 4, 'trend': 4.23, 'updated_at': '2026-06-13T07:53:19.767457', 'variant_type': 'normal'}]",https://www.cardmarket.com/en/Pokemon/Products/Singles/Ascended-Heroes/Hitmontop-V2-ASC240
Card,pk_445342b5ba53f8c45bdde8fafb142ae8ff51019bcb8d0bfc74103f42e4550ab5d9a5136a0f8d2916d3ea8bc2b3b00ac9,Glass Trumpet - 260/217,Glass Trumpet,ME: Ascended Heroes,ASC,24541,260/217,Ultra Rare,,,,,[],,,,"[{'low_price': 0.4, 'mid_price': 0.91, 'high_price': 4321, 'updated_at': '2026-06-13T08:16:22.643322', 'market_price': 0.54, 'direct_low_price': None, 'sub_type_name': 'Holofoil'}]",https://www.tcgplayer.com/product/676072,Glass Trumpet,"[{'avg': 0.76, 'low': 0.05, 'avg1': 0.87, 'avg7': 0.83, 'avg30': 0.74, 'trend': 0.76, 'updated_at': '2026-06-13T07:53:19.767457', 'variant_type': 'normal'}, {'avg': None, 'low': None, 'avg1': None, 'avg7': None, 'avg30': None, 'trend': 0, 'updated_at': '2026-06-13T07:53:19.767457', 'variant_type': 'holo'}]",https://www.cardmarket.com/en/Pokemon/Products/Singles/Ascended-Heroes/Glass-Trumpet-V2-ASC260
Card,pk_f442dc524ab003168b0c13b6a3e0921f6695ca139ec1b65b020c6d7f88b490f500d780032e7071ae4143580cabc06239,Numel - 223/217,Numel,ME: Ascended Heroes,ASC,24541,223/217,Illustration Rare,Fire,,,,[],,,,"[{'low_price': 5.49, 'mid_price': 6.64, 'high_price': 4321, 'updated_at': '2026-06-13T08:16:22.643322', 'market_price': 6.06, 'direct_low_price': None, 'sub_type_name': 'Holofoil'}]",https://www.tcgplayer.com/product/676035,Numel,"[{'avg': 3.82, 'low': 1.39, 'avg1': 3.79, 'avg7': 3.74, 'avg30': 3.77, 'trend': 4.23, 'updated_at': '2026-06-13T07:53:19.767457', 'variant_type': 'normal'}, {'avg': None, 'low': None, 'avg1': None, 'avg7': None, 'avg30': None, 'trend': 0, 'updated_at': '2026-06-13T07:53:19.767457', 'variant_type': 'holo'}]",https://www.cardmarket.com/en/Pokemon/Products/Singles/Ascended-Heroes/Numel-V2-ASC223
Card,pk_9f9611586d4d31e3743ed3926afe7fc0df1553d0565936a0c2108287ab01cbed03bc37508d8c005fe4742fd6bb22,Erika's Bellsprout,Erikas Bellsprout,ME: Ascended Heroes,ASC,24541,004/217,Common,Grass,,,,[],,,,"[{'low_price': 0.01, 'mid_price': 0.15, 'high_price': 19.98, 'updated_at': '2026-06-13T08:16:22.643322', 'market_price': 0.04, 'direct_low_price': 0.01, 'sub_type_name': 'Normal'}]",https://www.tcgplayer.com/product/675816,Erika's Bellsprout,"[{'avg': None, 'low': None, 'avg1': None, 'avg7': None, 'avg30': None, 'trend': 0, 'updated_at': '2026-06-13T07:53:19.767457', 'variant_type': 'holo'}, {'avg': 0.04, 'low': 0.02, 'avg1': 0.03, 'avg7': 0.04, 'avg30': 0.03, 'trend': 0.04, 'updated_at': '2026-06-13T07:53:19.767457', 'variant_type': 'normal'}]",https://www.cardmarket.com/en/Pokemon/Products/Singles/Ascended-Heroes/Erikas-Bellsprout-ASC004
Card,pk_8fbea73dc7527f33541938203c838cc490f5f3481a7313910749d05a57a1fc65ae34fdf78c787d0aa75c89f28e27cb72,Mega Dragonite ex - 290/217,Mega Dragonite ex,ME: Ascended Heroes,ASC,24541,290/217,Special Illustration Rare,Dragon,,,,[],,,,"[{'low_price': 848.99, 'mid_price': 924.69, 'high_price': 2999.99, 'updated_at': '2026-06-13T08:16:22.643322', 'market_price': 876.62, 'direct_low_price': None, 'sub_type_name': 'Holofoil'}]",https://www.tcgplayer.com/product/676102,Mega Dragonite ex,"[{'avg': 478.48, 'low': 169.9, 'avg1': 370, 'avg7': 386.17, 'avg30': 450.01, 'trend': 524.57, 'updated_at': '2026-06-13T07:53:19.767457', 'variant_type': 'normal'}, {'avg': None, 'low': None, 'avg1': None, 'avg7': None, 'avg30': None, 'trend': 0, 'updated_at': '2026-06-13T07:53:19.767457', 'variant_type': 'holo'}]",https://www.cardmarket.com/en/Pokemon/Products/Singles/Ascended-Heroes/Mega-Dragonite-ex-V3-ASC290
Card,pk_82269be33bc0ca3cc3a14765ef3b1455fb7d6cf096dfa7caa07ccd3b8149cdc4f71e20e51598eaf84c42bd775d305b,Dustox - 015/217,Dustox,ME: Ascended Heroes,ASC,24541,015/217,Uncommon,Grass,,,,[],,,,"[{'low_price': 0.01, 'mid_price': 0.15, 'high_price': 19.98, 'updated_at': '2026-06-13T08:16:22.643322', 'market_price': 0.08, 'direct_low_price': 0.01, 'sub_type_name': 'Normal'}]",https://www.tcgplayer.com/product/675827,Dustox,"[{'avg': 0.03, 'low': 0.02, 'avg1': 0.04, 'avg7': 0.03, 'avg30': 0.03, 'trend': 0.03, 'updated_at': '2026-06-13T07:53:19.767457', 'variant_type': 'normal'}, {'avg': None, 'low': None, 'avg1': None, 'avg7': None, 'avg30': None, 'trend': 0, 'updated_at': '2026-06-13T07:53:19.767457', 'variant_type': 'holo'}]",https://www.cardmarket.com/en/Pokemon/Products/Singles/Ascended-Heroes/Dustox-V1-ASC015
