type,results_id,results_card_info_name,results_card_info_clean_name,results_card_info_set_name,results_card_info_set_code,results_card_info_set_id,results_card_info_card_number,results_card_info_rarity,results_card_info_card_type,results_card_info_hp,results_card_info_stage,results_card_info_card_text,results_card_info_attacks,results_card_info_weakness,results_card_info_resistance,results_card_info_retreat_cost,results_tcgplayer_prices,results_tcgplayer_url,results_cardmarket_product_name,results_cardmarket_prices,results_cardmarket_product_url,results_cardmarket
Card,pk_d48425dbfbbe0deec451c1b733ab03609a3ce69816de28e42bf13cb3011673c0aff0419defd41cffe21394f882cb7a,Staryu,Staryu,ME03: Perfect Order,POR,24587,020/088,Common,Water,70.0,Basic,,['[W] Water Gun (20)'],Lx2,,1.0,"[{'low_price': 0.01, 'mid_price': 0.18, 'high_price': 18.5, 'updated_at': '2026-06-14T08:36:45.258668', 'market_price': 0.19, 'direct_low_price': 0.11, 'sub_type_name': 'Normal'}, {'low_price': 0.01, 'mid_price': 0.25, 'high_price': 19.98, 'updated_at': '2026-06-14T08:36:45.258668', 'market_price': 0.23, 'direct_low_price': 0.49, 'sub_type_name': 'Reverse Holofoil'}]",https://www.tcgplayer.com/product/684374,Staryu,"[{'avg': 0.13, 'low': 0.02, 'avg1': 0.08, 'avg7': 0.13, 'avg30': 0.13, 'trend': 0.12, 'updated_at': '2026-06-14T08:19:40.768659', 'variant_type': 'holo'}, {'avg': 0.07, 'low': 0.02, 'avg1': 0.06, 'avg7': 0.04, 'avg30': 0.07, 'trend': 0.05, 'updated_at': '2026-06-14T08:19:40.768659', 'variant_type': 'normal'}]",https://www.cardmarket.com/en/Pokemon/Products/Singles/Perfect-Order/Staryu-POR020,
Card,pk_ff4840d720ea7ba0c44e585d8f863bbf2903de93a8d9f967c66f8cfcd34eb4d089c93012834e8bef4d8d02b8f81e68,Jacinthe - 075/088,Jacinthe,ME03: Perfect Order,POR,24587,075/088,Uncommon,Trainer - Supporter,,,,[],,,,"[{'low_price': 0.01, 'mid_price': 0.15, 'high_price': 19.98, 'updated_at': '2026-06-14T08:36:45.258668', 'market_price': 0.14, 'direct_low_price': 0.01, 'sub_type_name': 'Normal'}, {'low_price': 0.01, 'mid_price': 0.24, 'high_price': 17.7, 'updated_at': '2026-06-14T08:36:45.258668', 'market_price': 0.23, 'direct_low_price': 0.2, 'sub_type_name': 'Reverse Holofoil'}]",https://www.tcgplayer.com/product/684393,Jacinthe,"[{'avg': 0.03, 'low': 0.02, 'avg1': 0.03, 'avg7': 0.03, 'avg30': 0.04, 'trend': 0.03, 'updated_at': '2026-06-14T08:19:40.768659', 'variant_type': 'normal'}, {'avg': 0.11, 'low': 0.02, 'avg1': 0.06, 'avg7': 0.09, 'avg30': 0.11, 'trend': 0.08, 'updated_at': '2026-06-14T08:19:40.768659', 'variant_type': 'holo'}]",https://www.cardmarket.com/en/Pokemon/Products/Singles/Perfect-Order/Jacinthe-V1-POR075,
Card,pk_9a566c22d95bc1f0f907c0d57a0ad942b552a239c172dcb227c416d9fde6cab5c4d862169572858ea7b857c0379f29,Tyrantrum,Tyrantrum,ME03: Perfect Order,POR,24587,045/088,Rare,Fighting,180.0,Stage 2,,"[""[FC] Wreak Havoc (160)<br> Flip a coin until you get tails. For each heads, discard the top card of your opponent's deck.""]",Gx2,,3.0,"[{'low_price': 0.01, 'mid_price': 0.21, 'high_price': 19.98, 'updated_at': '2026-06-14T08:36:45.258668', 'market_price': 0.28, 'direct_low_price': 0.17, 'sub_type_name': 'Holofoil'}, {'low_price': 0.01, 'mid_price': 0.3, 'high_price': 50, 'updated_at': '2026-06-14T08:36:45.258668', 'market_price': 0.3, 'direct_low_price': 0.4, 'sub_type_name': 'Reverse Holofoil'}]",https://www.tcgplayer.com/product/684359,Tyrantrum,"[{'avg': 0.09, 'low': 0.02, 'avg1': 0.11, 'avg7': 0.07, 'avg30': 0.07, 'trend': 0.07, 'updated_at': '2026-06-14T08:19:40.768659', 'variant_type': 'normal'}, {'avg': 0.14, 'low': 0.02, 'avg1': 0.14, 'avg7': 0.16, 'avg30': 0.15, 'trend': 0.15, 'updated_at': '2026-06-14T08:19:40.768659', 'variant_type': 'holo'}]",https://www.cardmarket.com/en/Pokemon/Products/Singles/Perfect-Order/Tyrantrum-POR045,
Card,pk_24eb8807032aac1a291633037f3c6909bca40e323fe87fcc3a2f5418977b2c9dc071414ab043243cd59f5b0da9e103,Mega Starmie ex - 021/088,Mega Starmie ex,ME03: Perfect Order,POR,24587,021/088,Double Rare,Water,330.0,Stage 1,,"[""[W] Jetting Blow (120)<br> This attack also does 50 damage to 1 of your opponent's Benched Pokémon. <em>(Don't apply Weakness and Resistance for Benched Pokémon.)</em>"", ""[CCC] Nebula Beam (210)<br> This attack's damage isn't affected by Weakness or Resistance, or by any effects on your opponent's Active Pokémon.""]",Lx2,,2.0,"[{'low_price': 0.2, 'mid_price': 1, 'high_price': 4321, 'updated_at': '2026-06-14T08:36:45.258668', 'market_price': 1.04, 'direct_low_price': 1, 'sub_type_name': 'Holofoil'}]",https://www.tcgplayer.com/product/684360,Mega Starmie ex,"[{'avg': 1.43, 'low': 0.2, 'avg1': 1.37, 'avg7': 1.36, 'avg30': 1.41, 'trend': 1.41, 'updated_at': '2026-06-14T08:19:40.768659', 'variant_type': 'normal'}, {'avg': None, 'low': None, 'avg1': None, 'avg7': None, 'avg30': None, 'trend': 0, 'updated_at': '2026-06-14T08:19:40.768659', 'variant_type': 'holo'}]",https://www.cardmarket.com/en/Pokemon/Products/Singles/Perfect-Order/Mega-Starmie-ex-V1-POR021,
Card,pk_4be8c2bd7b1e5fe6aedfba5b8c4c4d27776e858296ff1dd13aae528c5a6436544eb067d6bd5b4db4dc6ab98d8fcbf4,Aromatisse,Aromatisse,ME03: Perfect Order,POR,24587,036/088,Uncommon,Psychic,120.0,Stage 1,,['[PC] Draining Kiss (50)<br> Heal 30 damage from this Pokémon.'],Mx2,,1.0,"[{'low_price': 0.01, 'mid_price': 0.25, 'high_price': 17.7, 'updated_at': '2026-06-14T08:36:45.258668', 'market_price': 0.24, 'direct_low_price': 0.21, 'sub_type_name': 'Reverse Holofoil'}, {'low_price': 0.01, 'mid_price': 0.14, 'high_price': 19.98, 'updated_at': '2026-06-14T08:36:45.258668', 'market_price': 0.08, 'direct_low_price': 0.01, 'sub_type_name': 'Normal'}]",https://www.tcgplayer.com/product/684421,Aromatisse,"[{'avg': 0.03, 'low': 0.02, 'avg1': 0.04, 'avg7': 0.03, 'avg30': 0.03, 'trend': 0.03, 'updated_at': '2026-06-14T08:19:40.768659', 'variant_type': 'normal'}, {'avg': 0.1, 'low': 0.02, 'avg1': 0.15, 'avg7': 0.08, 'avg30': 0.1, 'trend': 0.08, 'updated_at': '2026-06-14T08:19:40.768659', 'variant_type': 'holo'}]",https://www.cardmarket.com/en/Pokemon/Products/Singles/Perfect-Order/Aromatisse-POR036,
Card,pk_a889cb3e05417faed8b11ab464eabce36649ff03f81739f45041c1e7a90840b386f428d835a73c71962efe3e2b2f59,Volcanion,Volcanion,ME03: Perfect Order,POR,24587,025/088,Uncommon,Water,130.0,Basic,,"['[WC] Strength (50)', '[WWC] Powerful Steam (90x)<br> Flip a coin for each Water Energy attached to this Pokémon. This attack does 90 damage for each heads.']",Lx2,,3.0,"[{'low_price': 0.01, 'mid_price': 0.21, 'high_price': 17.7, 'updated_at': '2026-06-14T08:36:45.258668', 'market_price': 0.22, 'direct_low_price': 0.1, 'sub_type_name': 'Reverse Holofoil'}, {'low_price': 0.01, 'mid_price': 0.12, 'high_price': 17.7, 'updated_at': '2026-06-14T08:36:45.258668', 'market_price': 0.06, 'direct_low_price': 0.01, 'sub_type_name': 'Normal'}]",https://www.tcgplayer.com/product/684408,Volcanion,"[{'avg': 0.03, 'low': 0.02, 'avg1': 0.02, 'avg7': 0.02, 'avg30': 0.02, 'trend': 0.02, 'updated_at': '2026-06-14T08:19:40.768659', 'variant_type': 'normal'}, {'avg': 0.09, 'low': 0.02, 'avg1': 0.12, 'avg7': 0.09, 'avg30': 0.09, 'trend': 0.08, 'updated_at': '2026-06-14T08:19:40.768659', 'variant_type': 'holo'}]",https://www.cardmarket.com/en/Pokemon/Products/Singles/Perfect-Order/Volcanion-POR025,
Card,pk_158426023282b55f8d57a5f4da9a94a5bfc073f5285b5116fd278044b2cdd97597023ccdc7a67c39a9df265335e6ca,Energy Swatter,Energy Swatter,ME03: Perfect Order,POR,24587,073/088,Uncommon,Trainer - Item,,,,[],,,,"[{'low_price': 0.01, 'mid_price': 0.23, 'high_price': 4321, 'updated_at': '2026-06-14T08:36:45.258668', 'market_price': 0.25, 'direct_low_price': 0.09, 'sub_type_name': 'Reverse Holofoil'}, {'low_price': 0.01, 'mid_price': 0.15, 'high_price': 17.7, 'updated_at': '2026-06-14T08:36:45.258668', 'market_price': 0.12, 'direct_low_price': 0.01, 'sub_type_name': 'Normal'}]",https://www.tcgplayer.com/product/684388,Energy Swatter,"[{'avg': 0.11, 'low': 0.02, 'avg1': 0.1, 'avg7': 0.11, 'avg30': 0.11, 'trend': 0.11, 'updated_at': '2026-06-14T08:19:40.768659', 'variant_type': 'holo'}, {'avg': 0.04, 'low': 0.02, 'avg1': 0.02, 'avg7': 0.02, 'avg30': 0.04, 'trend': 0.02, 'updated_at': '2026-06-14T08:19:40.768659', 'variant_type': 'normal'}]",https://www.cardmarket.com/en/Pokemon/Products/Singles/Perfect-Order/Energy-Swatter-POR073,
Card,pk_3b4f7538b8c13d2bae5e522946b18cf0d38de0eec75c2a504df0d1309d14098bff553d97dda2945204cf47d4e555,Vivillon,Vivillon,ME03: Perfect Order,POR,24587,009/088,Uncommon,Grass,120.0,Stage 2,,"['[G] Blow Through (60+)<br> If a Stadium is in play, this attack does 60 more damage.']",Rx2,,1.0,"[{'low_price': 0.01, 'mid_price': 0.22, 'high_price': 17.7, 'updated_at': '2026-06-14T08:36:45.258668', 'market_price': 0.22, 'direct_low_price': 0.21, 'sub_type_name': 'Reverse Holofoil'}, {'low_price': 0.01, 'mid_price': 0.15, 'high_price': 19.98, 'updated_at': '2026-06-14T08:36:45.258668', 'market_price': 0.05, 'direct_low_price': 0.01, 'sub_type_name': 'Normal'}]",https://www.tcgplayer.com/product/684366,Vivillon,"[{'avg': 0.03, 'low': 0.02, 'avg1': 0.02, 'avg7': 0.03, 'avg30': 0.03, 'trend': 0.04, 'updated_at': '2026-06-14T08:19:40.768659', 'variant_type': 'normal'}, {'avg': 0.1, 'low': 0.02, 'avg1': 0.08, 'avg7': 0.1, 'avg30': 0.1, 'trend': 0.09, 'updated_at': '2026-06-14T08:19:40.768659', 'variant_type': 'holo'}]",https://www.cardmarket.com/en/Pokemon/Products/Singles/Perfect-Order/Vivillon-POR009,
Card,pk_5278dd338a1e41f380e98376f15abbf045fcf89241d91fc3027bb4d67fd1917cbd6734e94a6fc903e0aa9cd23e9044,Rowlet - 010/088,Rowlet,ME03: Perfect Order,POR,24587,010/088,Common,Grass,80.0,Basic,,"['[G] Find a Friend<br> Search your deck for a Pokémon, reveal it, and put it into your hand. Then, shuffle your deck.', '[CCC] Tackle (30)']",Rx2,,2.0,"[{'low_price': 0.02, 'mid_price': 0.24, 'high_price': 17.7, 'updated_at': '2026-06-14T08:36:45.258668', 'market_price': 0.26, 'direct_low_price': 0.24, 'sub_type_name': 'Reverse Holofoil'}, {'low_price': 0.01, 'mid_price': 0.15, 'high_price': 19.98, 'updated_at': '2026-06-14T08:36:45.258668', 'market_price': 0.07, 'direct_low_price': 0.05, 'sub_type_name': 'Normal'}]",https://www.tcgplayer.com/product/684367,Rowlet,"[{'avg': 0.09, 'low': 0.02, 'avg1': 0.06, 'avg7': 0.09, 'avg30': 0.09, 'trend': 0.09, 'updated_at': '2026-06-14T08:19:40.768659', 'variant_type': 'holo'}, {'avg': 0.04, 'low': 0.02, 'avg1': 0.16, 'avg7': 0.05, 'avg30': 0.04, 'trend': 0.05, 'updated_at': '2026-06-14T08:19:40.768659', 'variant_type': 'normal'}]",https://www.cardmarket.com/en/Pokemon/Products/Singles/Perfect-Order/Rowlet-V1-POR010,
Card,pk_6f8aba63f2a69c5ce58558b5e6f4c86c93f38f7d2dd34aede141bc4084375d146be8a69741fdef31bde182d22c5d3f,Aegislash,Aegislash,ME03: Perfect Order,POR,24587,058/088,Uncommon,Metal,150.0,Stage 2,,"['[CCC] Slash (80)', ""[MCCC] Metal Slash (230)<br> During your next turn, this Pokémon can't use attacks.""]",Rx2,G-30,3.0,"[{'low_price': 0.01, 'mid_price': 0.25, 'high_price': 17.7, 'updated_at': '2026-06-14T08:36:45.258668', 'market_price': 0.27, 'direct_low_price': 0.21, 'sub_type_name': 'Reverse Holofoil'}, {'low_price': 0.01, 'mid_price': 0.15, 'high_price': 17.7, 'updated_at': '2026-06-14T08:36:45.258668', 'market_price': 0.09, 'direct_low_price': 0.01, 'sub_type_name': 'Normal'}]",https://www.tcgplayer.com/product/684381,Aegislash,"[{'avg': 0.03, 'low': 0.02, 'avg1': 0.02, 'avg7': 0.02, 'avg30': 0.03, 'trend': 0.03, 'updated_at': '2026-06-14T08:19:40.768659', 'variant_type': 'normal'}, {'avg': 0.12, 'low': 0.02, 'avg1': 0.11, 'avg7': 0.09, 'avg30': 0.12, 'trend': 0.09, 'updated_at': '2026-06-14T08:19:40.768659', 'variant_type': 'holo'}]",https://www.cardmarket.com/en/Pokemon/Products/Singles/Perfect-Order/Aegislash-POR058,
Card,pk_d86e9359b1b349002036074ba38c93aafa5542c64ab2a80addd27da00525ae89bc0dd990f37b91fcb1a81542a336bf,Drapion - 052/088,Drapion,ME03: Perfect Order,POR,24587,052/088,Uncommon,Darkness,140.0,Stage 1,,"['[DD] Wrack Down (60)', ""[DDD] Hazardous Tail (100)<br> This Pokémon also does 70 damage to itself. Your opponent's Active Pokémon is now Paralyzed and Poisoned.""]",Fx2,,3.0,"[{'low_price': 0.01, 'mid_price': 0.22, 'high_price': 17.7, 'updated_at': '2026-06-14T08:36:45.258668', 'market_price': 0.21, 'direct_low_price': 0.18, 'sub_type_name': 'Reverse Holofoil'}, {'low_price': 0.01, 'mid_price': 0.12, 'high_price': 10000, 'updated_at': '2026-06-14T08:36:45.258668', 'market_price': 0.08, 'direct_low_price': 0.01, 'sub_type_name': 'Normal'}]",https://www.tcgplayer.com/product/684433,Drapion,"[{'avg': 0.03, 'low': 0.02, 'avg1': 0.03, 'avg7': 0.02, 'avg30': 0.03, 'trend': 0.03, 'updated_at': '2026-06-14T08:19:40.768659', 'variant_type': 'normal'}, {'avg': 0.09, 'low': 0.02, 'avg1': 0.13, 'avg7': 0.08, 'avg30': 0.08, 'trend': 0.08, 'updated_at': '2026-06-14T08:19:40.768659', 'variant_type': 'holo'}]",https://www.cardmarket.com/en/Pokemon/Products/Singles/Perfect-Order/Drapion-V1-POR052,
Card,pk_dafba7691504e3a1e5944296aff089b01f4f99325c052c0d6c64931330664a7ecdf32e0123fa5e7b641163b6dbc49e,Fletchling,Fletchling,ME03: Perfect Order,POR,24587,066/088,Common,Colorless,60.0,Basic,,"['[C] Chirp<br> Search your deck for up to 2 Pokémon with Fighting Resistance, reveal them, and put them into your hand. Then, shuffle your deck.', '[CC] Peck (20)']",Lx2,F-30,1.0,"[{'low_price': 0.01, 'mid_price': 0.2, 'high_price': 17.7, 'updated_at': '2026-06-14T08:36:45.258668', 'market_price': 0.2, 'direct_low_price': 0.12, 'sub_type_name': 'Reverse Holofoil'}, {'low_price': 0.01, 'mid_price': 0.14, 'high_price': 19.98, 'updated_at': '2026-06-14T08:36:45.258668', 'market_price': 0.12, 'direct_low_price': 0.05, 'sub_type_name': 'Normal'}]",https://www.tcgplayer.com/product/684403,Fletchling,"[{'avg': 0.03, 'low': 0.02, 'avg1': 0.03, 'avg7': 0.02, 'avg30': 0.03, 'trend': 0.03, 'updated_at': '2026-06-14T08:19:40.768659', 'variant_type': 'normal'}, {'avg': 0.07, 'low': 0.02, 'avg1': 0.06, 'avg7': 0.08, 'avg30': 0.07, 'trend': 0.08, 'updated_at': '2026-06-14T08:19:40.768659', 'variant_type': 'holo'}]",https://www.cardmarket.com/en/Pokemon/Products/Singles/Perfect-Order/Fletchling-POR066,
Card,pk_c14fcf6422f5bf75c1519d2a64d1548f51a62bb753e996a76e03067790cb0ecd287b054e1c3d8968d5207e055de4f2,Mega Zygarde ex - 047/088,Mega Zygarde ex,ME03: Perfect Order,POR,24587,047/088,Double Rare,Fighting,310.0,Basic,,"[""[FFF] Gaia Wave (200)<br> During your opponent's next turn, this Pokémon takes 30 less damage from attacks <em>(after applying Weakness and Resistance)</em>."", ""[FFFFF] Nullifying Zero<br> For each of your opponent's Pokémon, flip a coin. If heads, this attack does 150 damage to that Pokémon. <em>(Don't apply Weakness and Resistance for Benched Pokémon.)</em>""]",Gx2,,2.0,"[{'low_price': 0.14, 'mid_price': 0.75, 'high_price': 1000, 'updated_at': '2026-06-14T08:36:45.258668', 'market_price': 0.64, 'direct_low_price': None, 'sub_type_name': 'Holofoil'}]",https://www.tcgplayer.com/product/684336,Mega Zygarde ex,"[{'avg': 0.72, 'low': 0.24, 'avg1': 0.85, 'avg7': 0.71, 'avg30': 0.72, 'trend': 0.72, 'updated_at': '2026-06-14T08:19:40.768659', 'variant_type': 'normal'}, {'avg': None, 'low': None, 'avg1': None, 'avg7': None, 'avg30': None, 'trend': 0, 'updated_at': '2026-06-14T08:19:40.768659', 'variant_type': 'holo'}]",https://www.cardmarket.com/en/Pokemon/Products/Singles/Perfect-Order/Mega-Zygarde-ex-V1-POR047,
Card,pk_06d48db1c9e19fa70ca9b8f30b427e7fee823a0fcf53ab69c4d73bfe83ced98d98c1dec2a8d5a9135b4f9a3187b17b,Meowstic,Meowstic,ME03: Perfect Order,POR,24587,034/088,Uncommon,Psychic,100.0,Stage 1,,"[""[P] Perplex<br> Your opponent's Active Pokémon is now Confused."", ""[P] Psychic (30+)<br> This attack does 30 more damage for each Energy attached to your opponent's Active Pokémon.""]",Dx2,F-30,1.0,"[{'low_price': 0.01, 'mid_price': 0.14, 'high_price': 17.7, 'updated_at': '2026-06-14T08:36:45.258668', 'market_price': 0.07, 'direct_low_price': 0.01, 'sub_type_name': 'Normal'}, {'low_price': 0.01, 'mid_price': 0.23, 'high_price': 17.7, 'updated_at': '2026-06-14T08:36:45.258668', 'market_price': 0.19, 'direct_low_price': 0.19, 'sub_type_name': 'Reverse Holofoil'}]",https://www.tcgplayer.com/product/684419,Meowstic,"[{'avg': 0.1, 'low': 0.02, 'avg1': 0.05, 'avg7': 0.09, 'avg30': 0.1, 'trend': 0.09, 'updated_at': '2026-06-14T08:19:40.768659', 'variant_type': 'holo'}, {'avg': 0.03, 'low': 0.02, 'avg1': 0.02, 'avg7': 0.02, 'avg30': 0.03, 'trend': 0.03, 'updated_at': '2026-06-14T08:19:40.768659', 'variant_type': 'normal'}]",https://www.cardmarket.com/en/Pokemon/Products/Singles/Perfect-Order/Meowstic-POR034,
Card,pk_91c6502fb0a37a79994ce1398d7b6c12b5b49a435e31f79561b783e47170bad6e098a58025b96c05008e1c1fbf4b2e,Aurorus - 092/088,Aurorus,ME03: Perfect Order,POR,24587,092/088,Shiny Rare,Water,170.0,Stage 2,,"[""[WWC] Freezing Chill (150)<br> During your opponent's next turn, the Defending Pokémon can't use attacks.""]",Mx2,,3.0,"[{'low_price': 1.5, 'mid_price': 4.79, 'high_price': 9999, 'updated_at': '2026-06-14T08:36:45.258668', 'market_price': 3.65, 'direct_low_price': None, 'sub_type_name': 'Holofoil'}]",https://www.tcgplayer.com/product/684357,Aurorus,"[{'avg': 4.33, 'low': 2.29, 'avg1': 4.42, 'avg7': 4.47, 'avg30': 4.34, 'trend': 4.34, 'updated_at': '2026-06-14T08:19:40.768659', 'variant_type': 'normal'}, {'avg': None, 'low': None, 'avg1': None, 'avg7': None, 'avg30': None, 'trend': 0, 'updated_at': '2026-06-14T08:19:40.768659', 'variant_type': 'holo'}]",https://www.cardmarket.com/en/Pokemon/Products/Singles/Perfect-Order/Aurorus-V2-POR092,
Card,pk_960e401a4825b0442c9297c2f6bafd56812150d73e8f7db199a9efb8283e8abbca1f2dc08e8279dac76b7fe3ab66a7,Gastly,Gastly,ME03: Perfect Order,POR,24587,048/088,Common,Darkness,70.0,Basic,,"['[D] Surprise Attack (30)<br> Flip a coin. If tails, this attack does nothing.']",Fx2,,1.0,"[{'low_price': 0.01, 'mid_price': 0.25, 'high_price': 19.98, 'updated_at': '2026-06-14T08:36:45.258668', 'market_price': 0.27, 'direct_low_price': 0.25, 'sub_type_name': 'Reverse Holofoil'}, {'low_price': 0.01, 'mid_price': 0.15, 'high_price': 19.98, 'updated_at': '2026-06-14T08:36:45.258668', 'market_price': 0.09, 'direct_low_price': 0.01, 'sub_type_name': 'Normal'}]",https://www.tcgplayer.com/product/684429,Gastly,"[{'avg': 0.04, 'low': 0.02, 'avg1': 0.03, 'avg7': 0.03, 'avg30': 0.04, 'trend': 0.03, 'updated_at': '2026-06-14T08:19:40.768659', 'variant_type': 'normal'}, {'avg': 0.12, 'low': 0.02, 'avg1': 0.12, 'avg7': 0.12, 'avg30': 0.12, 'trend': 0.13, 'updated_at': '2026-06-14T08:19:40.768659', 'variant_type': 'holo'}]",https://www.cardmarket.com/en/Pokemon/Products/Singles/Perfect-Order/Gastly-POR048,
Card,pk_a718df963b8cc270179cf96d93bb14e99d3952f67dcadfaf802f0a8f00c873d58679d9cf0a1a9ab72477c4abcebb7c,Poke Ball,Poke Ball,ME03: Perfect Order,POR,24587,080/088,Common,Trainer - Item,,,,[],,,,"[{'low_price': 0.01, 'mid_price': 0.15, 'high_price': 4321, 'updated_at': '2026-06-14T08:36:45.258668', 'market_price': 0.09, 'direct_low_price': 0.01, 'sub_type_name': 'Normal'}, {'low_price': 0.01, 'mid_price': 0.22, 'high_price': 19.98, 'updated_at': '2026-06-14T08:36:45.258668', 'market_price': 0.24, 'direct_low_price': 0.17, 'sub_type_name': 'Reverse Holofoil'}]",https://www.tcgplayer.com/product/684321,Poké Ball,"[{'avg': 0.04, 'low': 0.02, 'avg1': 0.02, 'avg7': 0.04, 'avg30': 0.04, 'trend': 0.04, 'updated_at': '2026-06-14T08:19:40.768659', 'variant_type': 'normal'}, {'avg': 0.1, 'low': 0.02, 'avg1': 0.11, 'avg7': 0.08, 'avg30': 0.09, 'trend': 0.08, 'updated_at': '2026-06-14T08:19:40.768659', 'variant_type': 'holo'}]",https://www.cardmarket.com/en/Pokemon/Products/Singles/Perfect-Order/Poke-Ball-POR080,
Card,pk_b0207ac276cd90f702ff79469d93f4ca5c8c8f517e5ba7ad0bacc524f67d46efb4244964f3a8f0554f05de6453beec,Meowth ex - 062/088,Meowth ex,ME03: Perfect Order,POR,24587,062/088,Double Rare,Colorless,170.0,Basic,,['[CCC] Tuck Tail (60)<br> Put this Pokémon and all attached cards into your hand.'],Fx2,,1.0,"[{'low_price': 2, 'mid_price': 4.25, 'high_price': 4321, 'updated_at': '2026-06-14T08:36:45.258668', 'market_price': 2.83, 'direct_low_price': None, 'sub_type_name': 'Holofoil'}]",https://www.tcgplayer.com/product/684340,Meowth ex,"[{'avg': 6.09, 'low': 3.5, 'avg1': 5.43, 'avg7': 5.96, 'avg30': 6.01, 'trend': 5.96, 'updated_at': '2026-06-14T08:19:40.768659', 'variant_type': 'normal'}, {'avg': None, 'low': None, 'avg1': None, 'avg7': None, 'avg30': None, 'trend': 0, 'updated_at': '2026-06-14T08:19:40.768659', 'variant_type': 'holo'}]",https://www.cardmarket.com/en/Pokemon/Products/Singles/Perfect-Order/Meowth-ex-V1-POR062,
Card,pk_be0d6db5015a206833ef26a02034e69d7678b8e97a59640c169518d4ca46c26324faeec19e55a62ecc2040d682c14f,Snorlax,Snorlax,ME03: Perfect Order,POR,24587,063/088,Common,Colorless,160.0,Basic,,"['[C] Gormandizer<br> Flip a coin until you get tails. Search your deck for an amount of Basic Energy up to the number of heads and attach it to this Pokémon. Then, shuffle your deck.', '[CCCC] Collapse (160)<br> This Pokémon is now Asleep.']",Fx2,,4.0,"[{'low_price': 0.01, 'mid_price': 0.18, 'high_price': 999, 'updated_at': '2026-06-14T08:36:45.258668', 'market_price': 0.13, 'direct_low_price': 0.09, 'sub_type_name': 'Normal'}, {'low_price': 0.01, 'mid_price': 0.29, 'high_price': 19.98, 'updated_at': '2026-06-14T08:36:45.258668', 'market_price': 0.29, 'direct_low_price': 0.4, 'sub_type_name': 'Reverse Holofoil'}]",https://www.tcgplayer.com/product/684440,Snorlax,"[{'avg': 0.05, 'low': 0.02, 'avg1': 0.05, 'avg7': 0.04, 'avg30': 0.05, 'trend': 0.04, 'updated_at': '2026-06-14T08:19:40.768659', 'variant_type': 'normal'}, {'avg': 0.15, 'low': 0.02, 'avg1': 0.13, 'avg7': 0.11, 'avg30': 0.15, 'trend': 0.11, 'updated_at': '2026-06-14T08:19:40.768659', 'variant_type': 'holo'}]",https://www.cardmarket.com/en/Pokemon/Products/Singles/Perfect-Order/Snorlax-POR063,
Card,pk_a8690e50343b248e42197945afac765a38fe0bb44356958bc1ec3db66ad231efe19bbed4838280388cefe807cfa0fd,Telepathic Psychic Energy,Telepathic Psychic Energy,ME03: Perfect Order,POR,24587,088/088,Rare,Special Psychic Energy,,,,[],,,,"[{'low_price': 0.05, 'mid_price': 0.38, 'high_price': 31, 'updated_at': '2026-06-14T08:36:45.258668', 'market_price': 0.3, 'direct_low_price': 0.43, 'sub_type_name': 'Reverse Holofoil'}, {'low_price': 0.05, 'mid_price': 0.32, 'high_price': 40, 'updated_at': '2026-06-14T08:36:45.258668', 'market_price': 0.28, 'direct_low_price': 0.45, 'sub_type_name': 'Holofoil'}]",https://www.tcgplayer.com/product/684396,,,,
Card,pk_6d51bc766af04e054ef88dd46ce3e1f600dcc3372bb41e41ef3b10d6a4cd6960da1a9421dbbcb9f155a7b9739cd3db,Espurr - 033/088,Espurr,ME03: Perfect Order,POR,24587,033/088,Common,Psychic,60.0,Basic,,"['[C] Nap<br> Heal 20 damage from this Pokémon.', '[P] Stampede (10)']",Dx2,F-30,1.0,"[{'low_price': 0.01, 'mid_price': 0.15, 'high_price': 19.98, 'updated_at': '2026-06-14T08:36:45.258668', 'market_price': 0.05, 'direct_low_price': 0.01, 'sub_type_name': 'Normal'}, {'low_price': 0.01, 'mid_price': 0.25, 'high_price': 17.84, 'updated_at': '2026-06-14T08:36:45.258668', 'market_price': 0.25, 'direct_low_price': 0.3, 'sub_type_name': 'Reverse Holofoil'}]",https://www.tcgplayer.com/product/684417,Espurr,"[{'avg': 0.1, 'low': 0.02, 'avg1': 0.06, 'avg7': 0.08, 'avg30': 0.09, 'trend': 0.08, 'updated_at': '2026-06-14T08:19:40.768659', 'variant_type': 'holo'}, {'avg': 0.03, 'low': 0.02, 'avg1': 0.04, 'avg7': 0.03, 'avg30': 0.03, 'trend': 0.03, 'updated_at': '2026-06-14T08:19:40.768659', 'variant_type': 'normal'}]",https://www.cardmarket.com/en/Pokemon/Products/Singles/Perfect-Order/Espurr-V1-POR033,
Card,pk_daad6c26f403789aa9b9efb9f7ebe8b2600f943dc301afe8425447a26788777bcc434b671f1a79afddb06199494d,Snivy,Snivy,ME03: Perfect Order,POR,24587,004/088,Common,Grass,70.0,Basic,,['[G] Reckless Charge (30)<br> This Pokémon also does 10 damage to itself.'],Rx2,,1.0,"[{'low_price': 0.01, 'mid_price': 0.23, 'high_price': 17.7, 'updated_at': '2026-06-14T08:36:45.258668', 'market_price': 0.23, 'direct_low_price': 0.22, 'sub_type_name': 'Reverse Holofoil'}, {'low_price': 0.01, 'mid_price': 0.14, 'high_price': 19.98, 'updated_at': '2026-06-14T08:36:45.258668', 'market_price': 0.11, 'direct_low_price': 0.01, 'sub_type_name': 'Normal'}]",https://www.tcgplayer.com/product/684400,Snivy,"[{'avg': 0.09, 'low': 0.02, 'avg1': 0.09, 'avg7': 0.08, 'avg30': 0.08, 'trend': 0.08, 'updated_at': '2026-06-14T08:19:40.768659', 'variant_type': 'holo'}, {'avg': 0.03, 'low': 0.02, 'avg1': 0.03, 'avg7': 0.02, 'avg30': 0.03, 'trend': 0.03, 'updated_at': '2026-06-14T08:19:40.768659', 'variant_type': 'normal'}]",https://www.cardmarket.com/en/Pokemon/Products/Singles/Perfect-Order/Snivy-POR004,
Card,pk_f7dfb69c8c36abb96cc2e384e9fffffc0e13e0629e5b1f942587114bcf0383bca931b8cd57911643da176b43b829ef,Amaura,Amaura,ME03: Perfect Order,POR,24587,023/088,Common,Water,100.0,,,"[""[WC] Icy Wind (50)<br> Your opponent's Active Pokémon is now Asleep.""]",Mx2,,3.0,"[{'low_price': 0.01, 'mid_price': 0.24, 'high_price': 17.7, 'updated_at': '2026-06-14T08:36:45.258668', 'market_price': 0.24, 'direct_low_price': 0.23, 'sub_type_name': 'Reverse Holofoil'}, {'low_price': 0.01, 'mid_price': 0.2, 'high_price': 19.98, 'updated_at': '2026-06-14T08:36:45.258668', 'market_price': 0.15, 'direct_low_price': 0.01, 'sub_type_name': 'Normal'}]",https://www.tcgplayer.com/product/684355,Amaura,"[{'avg': 0.03, 'low': 0.02, 'avg1': 0.06, 'avg7': 0.04, 'avg30': 0.04, 'trend': 0.04, 'updated_at': '2026-06-14T08:19:40.768659', 'variant_type': 'normal'}, {'avg': 0.1, 'low': 0.02, 'avg1': 0.17, 'avg7': 0.11, 'avg30': 0.11, 'trend': 0.11, 'updated_at': '2026-06-14T08:19:40.768659', 'variant_type': 'holo'}]",https://www.cardmarket.com/en/Pokemon/Products/Singles/Perfect-Order/Amaura-POR023,
Card,pk_480723e4e46a937c29dcaa881aa1ab9e552a2f6ad6306d4f7ba7af0abb7dced2bb972981d9120ccc9235031df39d48,Lumiose Galette,Lumiose Galette,ME03: Perfect Order,POR,24587,078/088,Uncommon,Trainer - Item,,,,[],,,,"[{'low_price': 0.01, 'mid_price': 0.21, 'high_price': 17.7, 'updated_at': '2026-06-14T08:36:45.258668', 'market_price': 0.2, 'direct_low_price': 0.16, 'sub_type_name': 'Reverse Holofoil'}, {'low_price': 0.01, 'mid_price': 0.11, 'high_price': 19.98, 'updated_at': '2026-06-14T08:36:45.258668', 'market_price': 0.06, 'direct_low_price': 0.01, 'sub_type_name': 'Normal'}]",https://www.tcgplayer.com/product/684389,Lumiose Galette,"[{'avg': 0.03, 'low': 0.02, 'avg1': 0.03, 'avg7': 0.03, 'avg30': 0.03, 'trend': 0.03, 'updated_at': '2026-06-14T08:19:40.768659', 'variant_type': 'normal'}, {'avg': 0.1, 'low': 0.02, 'avg1': 0.1, 'avg7': 0.09, 'avg30': 0.1, 'trend': 0.09, 'updated_at': '2026-06-14T08:19:40.768659', 'variant_type': 'holo'}]",https://www.cardmarket.com/en/Pokemon/Products/Singles/Perfect-Order/Lumiose-Galette-POR078,
Card,pk_c6e2ddabfae2a1d37d25c7fcc533c1d42ea488ba27e7970fae6241b2c87cdfb85bf6ceac7415f6c1f3400f7597688a,Rattata,Rattata,ME03: Perfect Order,POR,24587,060/088,Common,Colorless,40.0,Basic,,['[C] Take Down (30)<br> This Pokémon also does 10 damage to itself.'],Fx2,,1.0,"[{'low_price': 0.01, 'mid_price': 0.21, 'high_price': 19.98, 'updated_at': '2026-06-14T08:36:45.258668', 'market_price': 0.22, 'direct_low_price': 0.13, 'sub_type_name': 'Reverse Holofoil'}, {'low_price': 0.01, 'mid_price': 0.15, 'high_price': 19.98, 'updated_at': '2026-06-14T08:36:45.258668', 'market_price': 0.09, 'direct_low_price': 0.01, 'sub_type_name': 'Normal'}]",https://www.tcgplayer.com/product/684437,Rattata,"[{'avg': 0.03, 'low': 0.02, 'avg1': 0.02, 'avg7': 0.02, 'avg30': 0.03, 'trend': 0.03, 'updated_at': '2026-06-14T08:19:40.768659', 'variant_type': 'normal'}, {'avg': 0.09, 'low': 0.02, 'avg1': 0.12, 'avg7': 0.08, 'avg30': 0.09, 'trend': 0.09, 'updated_at': '2026-06-14T08:19:40.768659', 'variant_type': 'holo'}]",https://www.cardmarket.com/en/Pokemon/Products/Singles/Perfect-Order/Rattata-POR060,
Card,pk_e24bd899f0b8e690231140e009245ce2ab4fba37e1d432a10837eebe09a87881de6b3dbd36c0ef0b3e0b30fd48d7d4,Hole-Digging Shovel,Hole Digging Shovel,ME03: Perfect Order,POR,24587,074/088,Common,Trainer - Item,,,,[],,,,"[{'low_price': 0.01, 'mid_price': 0.17, 'high_price': 19.98, 'updated_at': '2026-06-14T08:36:45.258668', 'market_price': 0.18, 'direct_low_price': 0.01, 'sub_type_name': 'Normal'}, {'low_price': 0.01, 'mid_price': 0.22, 'high_price': 17.7, 'updated_at': '2026-06-14T08:36:45.258668', 'market_price': 0.2, 'direct_low_price': 0.2, 'sub_type_name': 'Reverse Holofoil'}]",https://www.tcgplayer.com/product/684330,Digging Shovel,"[{'avg': 0.1, 'low': 0.02, 'avg1': 0.07, 'avg7': 0.06, 'avg30': 0.09, 'trend': 0.08, 'updated_at': '2026-06-14T08:19:40.768659', 'variant_type': 'holo'}, {'avg': 0.04, 'low': 0.02, 'avg1': 0.05, 'avg7': 0.04, 'avg30': 0.04, 'trend': 0.04, 'updated_at': '2026-06-14T08:19:40.768659', 'variant_type': 'normal'}]",https://www.cardmarket.com/en/Pokemon/Products/Singles/Perfect-Order/Digging-Shovel-POR074,
Card,pk_3c6129e65f6a3e5f882b4220374de102130725eb28035a2a3ad1ebe1bc8857b244373082ff107806a145e0e7c9f0b9,Binacle,Binacle,ME03: Perfect Order,POR,24587,042/088,Common,Fighting,80.0,Basic,,"['[F] Double Draw<br> Draw 2 cards.', '[FF] Scratch (30)']",Gx2,,2.0,"[{'low_price': 0.01, 'mid_price': 0.25, 'high_price': 17.82, 'updated_at': '2026-06-14T08:36:45.258668', 'market_price': 0.23, 'direct_low_price': 0.21, 'sub_type_name': 'Reverse Holofoil'}, {'low_price': 0.01, 'mid_price': 0.19, 'high_price': 19.98, 'updated_at': '2026-06-14T08:36:45.258668', 'market_price': 0.22, 'direct_low_price': 0.05, 'sub_type_name': 'Normal'}]",https://www.tcgplayer.com/product/684334,Binacle,"[{'avg': 0.1, 'low': 0.02, 'avg1': 0.15, 'avg7': 0.09, 'avg30': 0.1, 'trend': 0.1, 'updated_at': '2026-06-14T08:19:40.768659', 'variant_type': 'holo'}, {'avg': 0.04, 'low': 0.02, 'avg1': 0.02, 'avg7': 0.03, 'avg30': 0.04, 'trend': 0.03, 'updated_at': '2026-06-14T08:19:40.768659', 'variant_type': 'normal'}]",https://www.cardmarket.com/en/Pokemon/Products/Singles/Perfect-Order/Binacle-POR042,
Card,pk_7efecc4bd896ede39741ee19cd9408d90a91d471f7250df9399e233ddb514b9b801665a336edc4efb4db05c8d471ac,Dedenne - 029/088,Dedenne,ME03: Perfect Order,POR,24587,029/088,Common,Lightning,70.0,Basic,,"[""[L] Tail Generator<br> Choose Basic Lightning Energy cards from your discard pile up to the amount of Energy attached to all of your opponent's Pokémon and attach them to your Lightning Pokémon in any way you like."", ""[LC] Thunder Shock (30)<br> Flip a coin. If heads, your opponent's Active Pokémon is now Paralyzed.""]",Fx2,,1.0,"[{'low_price': 0.01, 'mid_price': 0.23, 'high_price': 17.7, 'updated_at': '2026-06-14T08:36:45.258668', 'market_price': 0.26, 'direct_low_price': 0.2, 'sub_type_name': 'Reverse Holofoil'}, {'low_price': 0.01, 'mid_price': 0.14, 'high_price': 19.98, 'updated_at': '2026-06-14T08:36:45.258668', 'market_price': 0.05, 'direct_low_price': 0.01, 'sub_type_name': 'Normal'}]",https://www.tcgplayer.com/product/684412,Dedenne,"[{'avg': 0.03, 'low': 0.02, 'avg1': 0.02, 'avg7': 0.04, 'avg30': 0.03, 'trend': 0.04, 'updated_at': '2026-06-14T08:19:40.768659', 'variant_type': 'normal'}, {'avg': 0.09, 'low': 0.02, 'avg1': 0.07, 'avg7': 0.09, 'avg30': 0.09, 'trend': 0.1, 'updated_at': '2026-06-14T08:19:40.768659', 'variant_type': 'holo'}]",https://www.cardmarket.com/en/Pokemon/Products/Singles/Perfect-Order/Dedenne-V1-POR029,
Card,pk_6b6058efd9c802b1e389e3e8417beba544e9241a26832cdb57cb00689cbefae026c62e996e138527db0318cb5e5150,Lapras ex,Lapras ex,ME03: Perfect Order,POR,24587,022/088,Double Rare,Water,210.0,Basic,,"['[W] Hydro Turn (30x)<br> This attack does 30 damage for each Water Energy attached to this Pokémon. Switch this Pokémon with 1 of your Benched Pokémon.', '[WWW] Surf (140)']",Lx2,,2.0,"[{'low_price': 0.05, 'mid_price': 0.63, 'high_price': 4321, 'updated_at': '2026-06-14T08:36:45.258668', 'market_price': 0.45, 'direct_low_price': 0.8, 'sub_type_name': 'Holofoil'}]",https://www.tcgplayer.com/product/684329,Lapras ex,"[{'avg': None, 'low': None, 'avg1': None, 'avg7': None, 'avg30': None, 'trend': 0, 'updated_at': '2026-06-14T08:19:40.768659', 'variant_type': 'holo'}, {'avg': 0.51, 'low': 0.05, 'avg1': 0.56, 'avg7': 0.51, 'avg30': 0.51, 'trend': 0.52, 'updated_at': '2026-06-14T08:19:40.768659', 'variant_type': 'normal'}]",https://www.cardmarket.com/en/Pokemon/Products/Singles/Perfect-Order/Lapras-ex-POR022,
Card,pk_b4d29e5aaa285ac75bbb9f903cfd8834fa810939cdbeab607dc10c32bd78a180c2ef0f19b8cb5540dd9896f4a8180a,Clefairy - 030/088,Clefairy,ME03: Perfect Order,POR,24587,030/088,Common,Psychic,70.0,Basic,,"[""[P] Follow Me<br> Switch in 1 of your opponent's Benched Pokémon to the Active Spot."", '[PP] Flop (30)']",Mx2,,1.0,"[{'low_price': 0.01, 'mid_price': 0.15, 'high_price': 19.98, 'updated_at': '2026-06-14T08:36:45.258668', 'market_price': 0.09, 'direct_low_price': 0.01, 'sub_type_name': 'Normal'}, {'low_price': 0.01, 'mid_price': 0.25, 'high_price': 19.98, 'updated_at': '2026-06-14T08:36:45.258668', 'market_price': 0.25, 'direct_low_price': 0.25, 'sub_type_name': 'Reverse Holofoil'}]",https://www.tcgplayer.com/product/684414,Clefairy,"[{'avg': 0.03, 'low': 0.02, 'avg1': 0.03, 'avg7': 0.03, 'avg30': 0.03, 'trend': 0.04, 'updated_at': '2026-06-14T08:19:40.768659', 'variant_type': 'normal'}, {'avg': 0.1, 'low': 0.02, 'avg1': 0.11, 'avg7': 0.09, 'avg30': 0.1, 'trend': 0.09, 'updated_at': '2026-06-14T08:19:40.768659', 'variant_type': 'holo'}]",https://www.cardmarket.com/en/Pokemon/Products/Singles/Perfect-Order/Clefairy-V1-POR030,
Card,pk_a244b55e332501fe1cc5cf6ed056ee7f7e986df1a0df2c75f87bb134f62969919a7ee81bd52fc220a0b4d43177bcca,Decidueye ex - 012/088,Decidueye ex,ME03: Perfect Order,POR,24587,012/088,Double Rare,Grass,320.0,Stage 2,,"[""[GCCC] Crushing Arrow (240)<br> Discard an Energy from your opponent's Active Pokémon.""]",Rx2,,2.0,"[{'low_price': 0.08, 'mid_price': 0.6, 'high_price': 4321, 'updated_at': '2026-06-14T08:36:45.258668', 'market_price': 0.53, 'direct_low_price': None, 'sub_type_name': 'Holofoil'}]",https://www.tcgplayer.com/product/684370,Decidueye ex,"[{'avg': None, 'low': None, 'avg1': None, 'avg7': None, 'avg30': None, 'trend': 0, 'updated_at': '2026-06-14T08:19:40.768659', 'variant_type': 'holo'}, {'avg': 0.53, 'low': 0.02, 'avg1': 0.46, 'avg7': 0.53, 'avg30': 0.52, 'trend': 0.53, 'updated_at': '2026-06-14T08:19:40.768659', 'variant_type': 'normal'}]",https://www.cardmarket.com/en/Pokemon/Products/Singles/Perfect-Order/Decidueye-ex-V1-POR012,
Card,pk_a1983bc65645163ae7426e2c1472d120902a559b16e4dbec2643dd436aa08ff386f2f1f75b8241dc9176467d48286e,Haunter,Haunter,ME03: Perfect Order,POR,24587,049/088,Common,Darkness,100.0,Stage 1,,"[""[D] Haunt<br> Place 3 damage counters on your opponent's Active Pokémon.""]",Fx2,,1.0,"[{'low_price': 0.01, 'mid_price': 0.27, 'high_price': 19.98, 'updated_at': '2026-06-14T08:36:45.258668', 'market_price': 0.3, 'direct_low_price': 0.39, 'sub_type_name': 'Reverse Holofoil'}, {'low_price': 0.01, 'mid_price': 0.19, 'high_price': 75, 'updated_at': '2026-06-14T08:36:45.258668', 'market_price': 0.19, 'direct_low_price': 0.05, 'sub_type_name': 'Normal'}]",https://www.tcgplayer.com/product/684430,Haunter,"[{'avg': 0.05, 'low': 0.02, 'avg1': 0.02, 'avg7': 0.04, 'avg30': 0.05, 'trend': 0.04, 'updated_at': '2026-06-14T08:19:40.768659', 'variant_type': 'normal'}, {'avg': 0.11, 'low': 0.02, 'avg1': 0.08, 'avg7': 0.11, 'avg30': 0.11, 'trend': 0.12, 'updated_at': '2026-06-14T08:19:40.768659', 'variant_type': 'holo'}]",https://www.cardmarket.com/en/Pokemon/Products/Singles/Perfect-Order/Haunter-POR049,
Card,pk_79890efa646d46737f7f49dac0b5d986f9a477d2e4d31cab77d1868577051dae8f4797a8e2d0c11dddf3a0f142c1,Scatterbug,Scatterbug,ME03: Perfect Order,POR,24587,007/088,Common,Grass,40.0,Basic,,['[G] Gnaw (20)'],Rx2,,1.0,"[{'low_price': 0.01, 'mid_price': 0.14, 'high_price': 19.98, 'updated_at': '2026-06-14T08:36:45.258668', 'market_price': 0.08, 'direct_low_price': 0.01, 'sub_type_name': 'Normal'}, {'low_price': 0.01, 'mid_price': 0.2, 'high_price': 19.98, 'updated_at': '2026-06-14T08:36:45.258668', 'market_price': 0.15, 'direct_low_price': 0.05, 'sub_type_name': 'Reverse Holofoil'}]",https://www.tcgplayer.com/product/684363,Scatterbug,"[{'avg': 0.07, 'low': 0.02, 'avg1': 0.08, 'avg7': 0.07, 'avg30': 0.07, 'trend': 0.07, 'updated_at': '2026-06-14T08:19:40.768659', 'variant_type': 'holo'}, {'avg': 0.03, 'low': 0.02, 'avg1': 0.02, 'avg7': 0.02, 'avg30': 0.03, 'trend': 0.02, 'updated_at': '2026-06-14T08:19:40.768659', 'variant_type': 'normal'}]",https://www.cardmarket.com/en/Pokemon/Products/Singles/Perfect-Order/Scatterbug-POR007,
Card,pk_95b90e733676b3849e155d231013b08833c092dcc6861806e549f9da891fe23d9ade53d26eeb754b1a773e6104b2a6,Pokemon Catcher,Pokemon Catcher,ME03: Perfect Order,POR,24587,082/088,Common,Trainer - Item,,,,[],,,,"[{'low_price': 0.01, 'mid_price': 0.25, 'high_price': 55, 'updated_at': '2026-06-14T08:36:45.258668', 'market_price': 0.29, 'direct_low_price': 0.24, 'sub_type_name': 'Reverse Holofoil'}, {'low_price': 0.01, 'mid_price': 0.16, 'high_price': 17.7, 'updated_at': '2026-06-14T08:36:45.258668', 'market_price': 0.19, 'direct_low_price': 0.05, 'sub_type_name': 'Normal'}]",https://www.tcgplayer.com/product/684324,Pokémon Catcher,"[{'avg': 0.1, 'low': 0.02, 'avg1': 0.11, 'avg7': 0.08, 'avg30': 0.1, 'trend': 0.1, 'updated_at': '2026-06-14T08:19:40.768659', 'variant_type': 'holo'}, {'avg': 0.04, 'low': 0.02, 'avg1': 0.03, 'avg7': 0.04, 'avg30': 0.04, 'trend': 0.04, 'updated_at': '2026-06-14T08:19:40.768659', 'variant_type': 'normal'}]",https://www.cardmarket.com/en/Pokemon/Products/Singles/Perfect-Order/Pokemon-Catcher-POR082,
Card,pk_cc9b1d4f642af07b928d2c17df52e2fb192559f4ea9c6d9d60a80c338627b0167c943f8e46429809c1812ccd3c4238,Mega Skarmory ex - 055/088,Mega Skarmory ex,ME03: Perfect Order,POR,24587,055/088,Double Rare,Metal,260.0,Basic,,"[""[MMC] Sonic Ripper<br> Shuffle all Energy attached to this Pokémon into your deck, and this attack does 220 damage to 1 of your opponent's Pokémon. <em>(Don't apply Weakness and Resistance for Benched Pokémon.)</em>""]",Lx2,F-30,0.0,"[{'low_price': 0.08, 'mid_price': 0.67, 'high_price': 4321, 'updated_at': '2026-06-14T08:36:45.258668', 'market_price': 0.57, 'direct_low_price': None, 'sub_type_name': 'Holofoil'}]",https://www.tcgplayer.com/product/684351,Mega Skarmory ex,"[{'avg': None, 'low': None, 'avg1': None, 'avg7': None, 'avg30': None, 'trend': 0, 'updated_at': '2026-06-14T08:19:40.768659', 'variant_type': 'holo'}, {'avg': 0.6, 'low': 0.1, 'avg1': 0.59, 'avg7': 0.65, 'avg30': 0.6, 'trend': 0.65, 'updated_at': '2026-06-14T08:19:40.768659', 'variant_type': 'normal'}]",https://www.cardmarket.com/en/Pokemon/Products/Singles/Perfect-Order/Mega-Skarmory-ex-V1-POR055,
Card,pk_b82a9c28e1b928500c42792ec1fe62b09360c07fe9237357c615e5ae9d37a8f4ca791a29ba1b91154839bf6354cca8,Hippopotas,Hippopotas,ME03: Perfect Order,POR,24587,039/088,Common,Fighting,100.0,Basic,,"[""[F] Sand Attack (10)<br> During your opponent's next turn, if the Defending Pokémon tries to use an attack, your opponent flips a coin. If tails, that attack doesn't happen."", '[FCC] Bite (60)']",Gx2,,4.0,"[{'low_price': 0.01, 'mid_price': 0.11, 'high_price': 25, 'updated_at': '2026-06-14T08:36:45.258668', 'market_price': 0.07, 'direct_low_price': 0.01, 'sub_type_name': 'Normal'}, {'low_price': 0.01, 'mid_price': 0.23, 'high_price': 25, 'updated_at': '2026-06-14T08:36:45.258668', 'market_price': 0.24, 'direct_low_price': 0.2, 'sub_type_name': 'Reverse Holofoil'}]",https://www.tcgplayer.com/product/684425,Hippopotas,"[{'avg': 0.03, 'low': 0.02, 'avg1': 0.02, 'avg7': 0.02, 'avg30': 0.03, 'trend': 0.02, 'updated_at': '2026-06-14T08:19:40.768659', 'variant_type': 'normal'}, {'avg': 0.09, 'low': 0.02, 'avg1': 0.04, 'avg7': 0.08, 'avg30': 0.08, 'trend': 0.07, 'updated_at': '2026-06-14T08:19:40.768659', 'variant_type': 'holo'}]",https://www.cardmarket.com/en/Pokemon/Products/Singles/Perfect-Order/Hippopotas-POR039,
Card,pk_5e2e3dc7e87a1c82821af55bc84ff4dc7143f32e2071d3372b934b49246012eb958c666aa676a82217deb6329c2a0f,Aurorus - 024/088,Aurorus,ME03: Perfect Order,POR,24587,024/088,Rare,Water,170.0,Stage 2,,"[""[WWC] Freezing Chill (150)<br> During your opponent's next turn, the Defending Pokémon can't use attacks.""]",Mx2,,3.0,"[{'low_price': 0.01, 'mid_price': 0.2, 'high_price': 19.98, 'updated_at': '2026-06-14T08:36:45.258668', 'market_price': 0.22, 'direct_low_price': 0.1, 'sub_type_name': 'Holofoil'}, {'low_price': 0.02, 'mid_price': 0.25, 'high_price': 19.98, 'updated_at': '2026-06-14T08:36:45.258668', 'market_price': 0.28, 'direct_low_price': 0.3, 'sub_type_name': 'Reverse Holofoil'}]",https://www.tcgplayer.com/product/684356,Aurorus,"[{'avg': 0.13, 'low': 0.02, 'avg1': 0.13, 'avg7': 0.12, 'avg30': 0.13, 'trend': 0.11, 'updated_at': '2026-06-14T08:19:40.768659', 'variant_type': 'holo'}, {'avg': 0.07, 'low': 0.02, 'avg1': 0.06, 'avg7': 0.06, 'avg30': 0.07, 'trend': 0.06, 'updated_at': '2026-06-14T08:19:40.768659', 'variant_type': 'normal'}]",https://www.cardmarket.com/en/Pokemon/Products/Singles/Perfect-Order/Aurorus-V1-POR024,
Card,pk_8810b78bc3a3bdebb9201f6d8a50758931d2f3254f984671f4aa3335e7510be08f22c912a94c54e06476864803a175,Rosa's Encouragement - 084/088,Rosa's Encouragement,ME03: Perfect Order,POR,24587,084/088,Uncommon,Trainer - Supporter,,,,[],,,,"[{'low_price': 0.01, 'mid_price': 0.19, 'high_price': 20, 'updated_at': '2026-06-14T08:36:45.258668', 'market_price': 0.17, 'direct_low_price': 0.15, 'sub_type_name': 'Normal'}, {'low_price': 0.01, 'mid_price': 0.25, 'high_price': 19.98, 'updated_at': '2026-06-14T08:36:45.258668', 'market_price': 0.26, 'direct_low_price': 0.4, 'sub_type_name': 'Reverse Holofoil'}]",https://www.tcgplayer.com/product/684390,Rosa's Encouragement,"[{'avg': 0.15, 'low': 0.02, 'avg1': 0.1, 'avg7': 0.09, 'avg30': 0.15, 'trend': 0.12, 'updated_at': '2026-06-14T08:19:40.768659', 'variant_type': 'holo'}, {'avg': 0.07, 'low': 0.02, 'avg1': 0.04, 'avg7': 0.05, 'avg30': 0.07, 'trend': 0.05, 'updated_at': '2026-06-14T08:19:40.768659', 'variant_type': 'normal'}]",https://www.cardmarket.com/en/Pokemon/Products/Singles/Perfect-Order/Rosas-Encouragement-V1-POR084,
Card,pk_6a005c92b58034eb9af3d71f49c5fbf4e7071146dbfa3f065208e3df74ec1ced0a6ca4124b5b2fb4981cdc5b06c8,Shaymin,Shaymin,ME03: Perfect Order,POR,24587,003/088,Uncommon,Grass,70.0,Basic,,"['[G] Send Flowers<br> Search your deck for an Energy card and attach it to 1 of your Benched Grass Pokémon. Then, shuffle your deck.', '[G] Leaf Step (30)']",Rx2,,0.0,"[{'low_price': 0.01, 'mid_price': 0.21, 'high_price': 17.7, 'updated_at': '2026-06-14T08:36:45.258668', 'market_price': 0.22, 'direct_low_price': 0.18, 'sub_type_name': 'Reverse Holofoil'}, {'low_price': 0.01, 'mid_price': 0.12, 'high_price': 17.7, 'updated_at': '2026-06-14T08:36:45.258668', 'market_price': 0.06, 'direct_low_price': 0.01, 'sub_type_name': 'Normal'}]",https://www.tcgplayer.com/product/684399,Shaymin,"[{'avg': 0.09, 'low': 0.02, 'avg1': 0.12, 'avg7': 0.09, 'avg30': 0.09, 'trend': 0.09, 'updated_at': '2026-06-14T08:19:40.768659', 'variant_type': 'holo'}, {'avg': 0.03, 'low': 0.02, 'avg1': 0.02, 'avg7': 0.02, 'avg30': 0.03, 'trend': 0.02, 'updated_at': '2026-06-14T08:19:40.768659', 'variant_type': 'normal'}]",https://www.cardmarket.com/en/Pokemon/Products/Singles/Perfect-Order/Shaymin-POR003,
Card,pk_2c30dab1b0ebcd9fb1605326250daf63d02a7e6ac441d451da18f000f54bea98884ded7c1e8554b38c0e50375f7a87,Spewpa - 089/088,Spewpa,ME03: Perfect Order,POR,24587,089/088,Shiny Rare,Grass,80.0,Stage 1,,"[""[G] Hide<br> Flip a coin. If heads, during your opponent's next turn, prevent all damage from and effects of attacks done to this Pokémon.""]",Rx2,,3.0,"[{'low_price': 1.45, 'mid_price': 2.75, 'high_price': 4321, 'updated_at': '2026-06-14T08:36:45.258668', 'market_price': 2.04, 'direct_low_price': None, 'sub_type_name': 'Holofoil'}]",https://www.tcgplayer.com/product/684365,Spewpa,"[{'avg': 2.72, 'low': 1.5, 'avg1': 2.61, 'avg7': 2.73, 'avg30': 2.69, 'trend': 2.73, 'updated_at': '2026-06-14T08:19:40.768659', 'variant_type': 'normal'}, {'avg': None, 'low': None, 'avg1': None, 'avg7': None, 'avg30': None, 'trend': 0, 'updated_at': '2026-06-14T08:19:40.768659', 'variant_type': 'holo'}]",https://www.cardmarket.com/en/Pokemon/Products/Singles/Perfect-Order/Spewpa-V2-POR089,
Card,pk_ef1356f08547697473dc932c7e3e64cc6c131ce1f4417db57198ac1e563d7068ef03f9bc602ef219321d08cfd8a42e,Dedenne - 093/088,Dedenne,ME03: Perfect Order,POR,24587,093/088,Shiny Rare,Lightning,70.0,Basic,,"[""[L] Tail Generator<br> Choose Basic Lightning Energy cards from your discard pile up to the amount of Energy attached to all of your opponent's Pokémon and attach them to your Lightning Pokémon in any way you like."", ""[LC] Thunder Shock (30)<br> Flip a coin. If heads, your opponent's Active Pokémon is now Paralyzed.""]",Fx2,,1.0,"[{'low_price': 5.5, 'mid_price': 7.58, 'high_price': 4321, 'updated_at': '2026-06-14T08:36:45.258668', 'market_price': 6.7, 'direct_low_price': None, 'sub_type_name': 'Holofoil'}]",https://www.tcgplayer.com/product/684413,Dedenne,"[{'avg': 6.18, 'low': 2.99, 'avg1': 5.84, 'avg7': 6.28, 'avg30': 6.18, 'trend': 6.43, 'updated_at': '2026-06-14T08:19:40.768659', 'variant_type': 'normal'}, {'avg': None, 'low': None, 'avg1': None, 'avg7': None, 'avg30': None, 'trend': 0, 'updated_at': '2026-06-14T08:19:40.768659', 'variant_type': 'holo'}]",https://www.cardmarket.com/en/Pokemon/Products/Singles/Perfect-Order/Dedenne-V2-POR093,
Card,pk_a9414d9760a8f2d002e52647dd1e4934c0ba2ae8d2782789a9ccc99dfaf85c7cbdf4316f2cd532b6a4ce803887e3fe,Skorupi,Skorupi,ME03: Perfect Order,POR,24587,051/088,Common,Darkness,80.0,Basic,,"[""[DD] Poison Jab (20)<br> Your opponent's Active Pokémon is now Poisoned.""]",Fx2,,2.0,"[{'low_price': 0.01, 'mid_price': 0.13, 'high_price': 17.7, 'updated_at': '2026-06-14T08:36:45.258668', 'market_price': 0.08, 'direct_low_price': 0.01, 'sub_type_name': 'Normal'}, {'low_price': 0.01, 'mid_price': 0.22, 'high_price': 17.7, 'updated_at': '2026-06-14T08:36:45.258668', 'market_price': 0.2, 'direct_low_price': 0.2, 'sub_type_name': 'Reverse Holofoil'}]",https://www.tcgplayer.com/product/684432,Skorupi,"[{'avg': 0.03, 'low': 0.02, 'avg1': 0.08, 'avg7': 0.03, 'avg30': 0.03, 'trend': 0.03, 'updated_at': '2026-06-14T08:19:40.768659', 'variant_type': 'normal'}, {'avg': 0.09, 'low': 0.02, 'avg1': 0.07, 'avg7': 0.08, 'avg30': 0.09, 'trend': 0.08, 'updated_at': '2026-06-14T08:19:40.768659', 'variant_type': 'holo'}]",https://www.cardmarket.com/en/Pokemon/Products/Singles/Perfect-Order/Skorupi-POR051,
Card,pk_84835ce9a14495f35d48d9b8d9282ea2f68cd898fc0cb8c66498ebfa4f53e6bca30a82fd17e4b81b00ec2eeb52f4,Ariados,Ariados,ME03: Perfect Order,POR,24587,002/088,Common,Grass,110.0,Stage 1,,"[""[G] Poison Ring (50)<br> Your opponent's Active Pokémon is now Poisoned. During your opponent’s next turn, that Pokémon can't retreat.""]",Rx2,,1.0,"[{'low_price': 0.01, 'mid_price': 0.12, 'high_price': 17.7, 'updated_at': '2026-06-14T08:36:45.258668', 'market_price': 0.07, 'direct_low_price': 0.01, 'sub_type_name': 'Normal'}, {'low_price': 0.01, 'mid_price': 0.21, 'high_price': 17.7, 'updated_at': '2026-06-14T08:36:45.258668', 'market_price': 0.2, 'direct_low_price': 0.18, 'sub_type_name': 'Reverse Holofoil'}]",https://www.tcgplayer.com/product/684398,Ariados,"[{'avg': 0.1, 'low': 0.02, 'avg1': 0.02, 'avg7': 0.03, 'avg30': 0.03, 'trend': 0.03, 'updated_at': '2026-06-14T08:19:40.768659', 'variant_type': 'normal'}, {'avg': 0.09, 'low': 0.02, 'avg1': 0.09, 'avg7': 0.08, 'avg30': 0.08, 'trend': 0.07, 'updated_at': '2026-06-14T08:19:40.768659', 'variant_type': 'holo'}]",https://www.cardmarket.com/en/Pokemon/Products/Singles/Perfect-Order/Ariados-POR002,
Card,pk_2e2b95976aadee5237a43bb221f5ea0bf355a479b39c00eb60c698fe66fad720f80267fa10704d1eaf6854c29ce3d9,Seel,Seel,ME03: Perfect Order,POR,24587,018/088,Common,Water,80.0,Basic,,"['[W] Rain Splash (10)', '[WW] Wave Splash (30)']",Lx2,,2.0,"[{'low_price': 0.01, 'mid_price': 0.14, 'high_price': 19.98, 'updated_at': '2026-06-14T08:36:45.258668', 'market_price': 0.1, 'direct_low_price': 0.01, 'sub_type_name': 'Normal'}, {'low_price': 0.01, 'mid_price': 0.23, 'high_price': 18.06, 'updated_at': '2026-06-14T08:36:45.258668', 'market_price': 0.22, 'direct_low_price': 0.23, 'sub_type_name': 'Reverse Holofoil'}]",https://www.tcgplayer.com/product/684372,Seel,"[{'avg': 0.09, 'low': 0.02, 'avg1': 0.09, 'avg7': 0.1, 'avg30': 0.09, 'trend': 0.1, 'updated_at': '2026-06-14T08:19:40.768659', 'variant_type': 'holo'}, {'avg': 0.03, 'low': 0.02, 'avg1': 0.02, 'avg7': 0.02, 'avg30': 0.03, 'trend': 0.03, 'updated_at': '2026-06-14T08:19:40.768659', 'variant_type': 'normal'}]",https://www.cardmarket.com/en/Pokemon/Products/Singles/Perfect-Order/Seel-POR018,
Card,pk_e2f4753ab4712a7edbbf4b699c0c895ec6d4f0fd7ca95ce902f7701ea5431e946788c017d5830ae0eb11d4d6f14763,Judge,Judge,ME03: Perfect Order,POR,24587,076/088,Uncommon,Trainer - Supporter,,,,[],,,,"[{'low_price': 0.01, 'mid_price': 0.19, 'high_price': 19.98, 'updated_at': '2026-06-14T08:36:45.258668', 'market_price': 0.2, 'direct_low_price': 0.15, 'sub_type_name': 'Normal'}, {'low_price': 0.01, 'mid_price': 0.25, 'high_price': 18.22, 'updated_at': '2026-06-14T08:36:45.258668', 'market_price': 0.26, 'direct_low_price': 0.4, 'sub_type_name': 'Reverse Holofoil'}]",https://www.tcgplayer.com/product/684323,Judge,"[{'avg': 0.07, 'low': 0.02, 'avg1': 0.06, 'avg7': 0.07, 'avg30': 0.07, 'trend': 0.08, 'updated_at': '2026-06-14T08:19:40.768659', 'variant_type': 'normal'}, {'avg': 0.16, 'low': 0.02, 'avg1': 0.1, 'avg7': 0.13, 'avg30': 0.16, 'trend': 0.15, 'updated_at': '2026-06-14T08:19:40.768659', 'variant_type': 'holo'}]",https://www.cardmarket.com/en/Pokemon/Products/Singles/Perfect-Order/Judge-POR076,
Card,pk_74f9c50a004bc6a8b039079fd4d09ca30c602be97d6e65525676b8e70610e936c93d53111a85e6d61f010af9476288,Mega Clefable ex - 031/088,Mega Clefable ex,ME03: Perfect Order,POR,24587,031/088,Double Rare,Psychic,320.0,Stage 1,,"['[PP] Shooting Moons (120+)<br> You may discard up to 4 Energy cards from your hand, and this attack does 40 more damage for each card you discarded in this way.']",Mx2,,1.0,"[{'low_price': 0.25, 'mid_price': 0.75, 'high_price': 4321, 'updated_at': '2026-06-14T08:36:45.258668', 'market_price': 0.67, 'direct_low_price': None, 'sub_type_name': 'Holofoil'}]",https://www.tcgplayer.com/product/684383,Mega Clefable ex,"[{'avg': 0.65, 'low': 0.1, 'avg1': 0.61, 'avg7': 0.63, 'avg30': 0.65, 'trend': 0.66, 'updated_at': '2026-06-14T08:19:40.768659', 'variant_type': 'normal'}, {'avg': None, 'low': None, 'avg1': None, 'avg7': None, 'avg30': None, 'trend': 0, 'updated_at': '2026-06-14T08:19:40.768659', 'variant_type': 'holo'}]",https://www.cardmarket.com/en/Pokemon/Products/Singles/Perfect-Order/Mega-Clefable-ex-V1-POR031,
Card,pk_c64af8f05b05c1886802a1cdbc55a4085205aa5121ef8d4bece62ec0540a9f729c956e0bbcf2b875052f045bc0d71e,Furfrou,Furfrou,ME03: Perfect Order,POR,24587,067/088,Common,Colorless,90.0,Basic,,"[""[C] Hand Trim<br> Discard random cards from your opponent's hand until they have 5 cards in their hand."", '[C] Headbutt (30)']",Fx2,,1.0,"[{'low_price': 0.01, 'mid_price': 0.12, 'high_price': 17.7, 'updated_at': '2026-06-14T08:36:45.258668', 'market_price': 0.07, 'direct_low_price': 0.01, 'sub_type_name': 'Normal'}, {'low_price': 0.01, 'mid_price': 0.2, 'high_price': 19.98, 'updated_at': '2026-06-14T08:36:45.258668', 'market_price': 0.19, 'direct_low_price': 0.1, 'sub_type_name': 'Reverse Holofoil'}]",https://www.tcgplayer.com/product/684443,Furfrou,"[{'avg': 0.03, 'low': 0.02, 'avg1': 0.02, 'avg7': 0.03, 'avg30': 0.03, 'trend': 0.03, 'updated_at': '2026-06-14T08:19:40.768659', 'variant_type': 'normal'}, {'avg': 0.08, 'low': 0.02, 'avg1': 0.07, 'avg7': 0.07, 'avg30': 0.07, 'trend': 0.07, 'updated_at': '2026-06-14T08:19:40.768659', 'variant_type': 'holo'}]",https://www.cardmarket.com/en/Pokemon/Products/Singles/Perfect-Order/Furfrou-POR067,
Card,pk_2fd1f4bfedeb6c0300d80a4c69d6b2b111a8157b838747508e739480f4e21f74b75353df62d7dd5c6a435d659fb3,Spewpa - 008/088,Spewpa,ME03: Perfect Order,POR,24587,008/088,Common,Grass,80.0,Stage 1,,"[""[G] Hide<br> Flip a coin. If heads, during your opponent's next turn, prevent all damage from and effects of attacks done to this Pokémon.""]",Rx2,,3.0,"[{'low_price': 0.01, 'mid_price': 0.23, 'high_price': 17.7, 'updated_at': '2026-06-14T08:36:45.258668', 'market_price': 0.2, 'direct_low_price': 0.22, 'sub_type_name': 'Reverse Holofoil'}, {'low_price': 0.01, 'mid_price': 0.15, 'high_price': 17.7, 'updated_at': '2026-06-14T08:36:45.258668', 'market_price': 0.08, 'direct_low_price': 0.01, 'sub_type_name': 'Normal'}]",https://www.tcgplayer.com/product/684364,Spewpa,"[{'avg': 0.03, 'low': 0.02, 'avg1': 0.02, 'avg7': 0.04, 'avg30': 0.03, 'trend': 0.03, 'updated_at': '2026-06-14T08:19:40.768659', 'variant_type': 'normal'}, {'avg': 0.09, 'low': 0.02, 'avg1': 0.08, 'avg7': 0.08, 'avg30': 0.09, 'trend': 0.08, 'updated_at': '2026-06-14T08:19:40.768659', 'variant_type': 'holo'}]",https://www.cardmarket.com/en/Pokemon/Products/Singles/Perfect-Order/Spewpa-V1-POR008,
Card,pk_5354c563f252d924fe4862393a2f3b02344041de04b109648cc03b1114aaf897b1a7fcdfa1f70c1ac9d2c4ccf00840,Landorus,Landorus,ME03: Perfect Order,POR,24587,041/088,Rare,Fighting,120.0,Basic,,"[""[FF] Rock Tumble (50)<br> This attack's damage isn't affected by Resistance."", '[FFC] Screw Knuckle (120)<br> Put an Energy attached to this Pokémon into your hand.']",Gx2,,1.0,"[{'low_price': 0.01, 'mid_price': 0.22, 'high_price': 17.7, 'updated_at': '2026-06-14T08:36:45.258668', 'market_price': 0.24, 'direct_low_price': 0.18, 'sub_type_name': 'Reverse Holofoil'}, {'low_price': 0.01, 'mid_price': 0.15, 'high_price': 17.7, 'updated_at': '2026-06-14T08:36:45.258668', 'market_price': 0.08, 'direct_low_price': 0.01, 'sub_type_name': 'Holofoil'}]",https://www.tcgplayer.com/product/684427,Landorus,"[{'avg': 0.04, 'low': 0.02, 'avg1': 0.04, 'avg7': 0.04, 'avg30': 0.04, 'trend': 0.04, 'updated_at': '2026-06-14T08:19:40.768659', 'variant_type': 'normal'}, {'avg': 0.1, 'low': 0.02, 'avg1': 0.12, 'avg7': 0.11, 'avg30': 0.1, 'trend': 0.09, 'updated_at': '2026-06-14T08:19:40.768659', 'variant_type': 'holo'}]",https://www.cardmarket.com/en/Pokemon/Products/Singles/Perfect-Order/Landorus-POR041,
Card,pk_9ce26851316376d6fa0044f97648c17a7d058b114fce78d1ec3c9a54fa54c6f35003992e3bf0a988cef9d9146f81ff,Energy Search,Energy Search,ME03: Perfect Order,POR,24587,072/088,Common,Trainer - Item,,,,[],,,,"[{'low_price': 0.01, 'mid_price': 0.24, 'high_price': 19.98, 'updated_at': '2026-06-14T08:36:45.258668', 'market_price': 0.23, 'direct_low_price': 0.46, 'sub_type_name': 'Reverse Holofoil'}, {'low_price': 0.01, 'mid_price': 0.18, 'high_price': 18.16, 'updated_at': '2026-06-14T08:36:45.258668', 'market_price': 0.18, 'direct_low_price': 0.16, 'sub_type_name': 'Normal'}]",https://www.tcgplayer.com/product/684322,Energy Search,"[{'avg': 0.06, 'low': 0.02, 'avg1': 0.04, 'avg7': 0.05, 'avg30': 0.06, 'trend': 0.06, 'updated_at': '2026-06-14T08:19:40.768659', 'variant_type': 'normal'}, {'avg': 0.12, 'low': 0.02, 'avg1': 0.07, 'avg7': 0.1, 'avg30': 0.12, 'trend': 0.11, 'updated_at': '2026-06-14T08:19:40.768659', 'variant_type': 'holo'}]",https://www.cardmarket.com/en/Pokemon/Products/Singles/Perfect-Order/Energy-Search-POR072,
Card,pk_da91b80dc21b25fcda819b9cabfe87196d8f7dfe490d13211f03f4154d07daf38911cfaf6ec324877b042af68a9126,Spritzee,Spritzee,ME03: Perfect Order,POR,24587,035/088,Common,Psychic,70.0,Basic,,"['[C] Sweet Scent<br> Heal 30 damage from 1 of your Pokémon.', '[P] Ram (10)']",Mx2,,1.0,"[{'low_price': 0.01, 'mid_price': 0.25, 'high_price': 17.7, 'updated_at': '2026-06-14T08:36:45.258668', 'market_price': 0.31, 'direct_low_price': 0.22, 'sub_type_name': 'Reverse Holofoil'}, {'low_price': 0.01, 'mid_price': 0.15, 'high_price': 19.98, 'updated_at': '2026-06-14T08:36:45.258668', 'market_price': 0.15, 'direct_low_price': 0.07, 'sub_type_name': 'Normal'}]",https://www.tcgplayer.com/product/684420,Spritzee,"[{'avg': 0.03, 'low': 0.02, 'avg1': 0.03, 'avg7': 0.03, 'avg30': 0.03, 'trend': 0.03, 'updated_at': '2026-06-14T08:19:40.768659', 'variant_type': 'normal'}, {'avg': 0.1, 'low': 0.02, 'avg1': 0.09, 'avg7': 0.09, 'avg30': 0.1, 'trend': 0.07, 'updated_at': '2026-06-14T08:19:40.768659', 'variant_type': 'holo'}]",https://www.cardmarket.com/en/Pokemon/Products/Singles/Perfect-Order/Spritzee-POR035,
Card,pk_d9f6cdbe3cabd7c57eee31c58ee09ee396c09d396524669463df8f64a4cea79a4d744a9649869284d670e48240a22c,Shinx,Shinx,ME03: Perfect Order,POR,24587,026/088,Common,Lightning,70.0,Basic,,['[L] Double Scratch (10x)<br> Flip 2 coins. This attack does 10 damage for each heads.'],Fx2,,1.0,"[{'low_price': 0.01, 'mid_price': 0.14, 'high_price': 19.98, 'updated_at': '2026-06-14T08:36:45.258668', 'market_price': 0.09, 'direct_low_price': 0.01, 'sub_type_name': 'Normal'}, {'low_price': 0.01, 'mid_price': 0.22, 'high_price': 17.7, 'updated_at': '2026-06-14T08:36:45.258668', 'market_price': 0.23, 'direct_low_price': 0.18, 'sub_type_name': 'Reverse Holofoil'}]",https://www.tcgplayer.com/product/684409,Shinx,"[{'avg': 0.04, 'low': 0.02, 'avg1': 0.09, 'avg7': 0.03, 'avg30': 0.04, 'trend': 0.03, 'updated_at': '2026-06-14T08:19:40.768659', 'variant_type': 'normal'}, {'avg': 0.1, 'low': 0.02, 'avg1': 0.1, 'avg7': 0.1, 'avg30': 0.1, 'trend': 0.09, 'updated_at': '2026-06-14T08:19:40.768659', 'variant_type': 'holo'}]",https://www.cardmarket.com/en/Pokemon/Products/Singles/Perfect-Order/Shinx-POR026,
Card,pk_69766237935f4e53f9dea58e47e307b4f977a3eac44b5d24644dee1d4b90022367fc6fd2b48f64038b6917d39c3c4d,Tarragon - 085/088,Tarragon,ME03: Perfect Order,POR,24587,085/088,Uncommon,Trainer - Supporter,,,,[],,,,"[{'low_price': 0.01, 'mid_price': 0.15, 'high_price': 19.98, 'updated_at': '2026-06-14T08:36:45.258668', 'market_price': 0.12, 'direct_low_price': 0.11, 'sub_type_name': 'Normal'}, {'low_price': 0.01, 'mid_price': 0.26, 'high_price': 19.98, 'updated_at': '2026-06-14T08:36:45.258668', 'market_price': 0.27, 'direct_low_price': 0.4, 'sub_type_name': 'Reverse Holofoil'}]",https://www.tcgplayer.com/product/684344,Tarragon,"[{'avg': 0.06, 'low': 0.02, 'avg1': 0.08, 'avg7': 0.05, 'avg30': 0.05, 'trend': 0.05, 'updated_at': '2026-06-14T08:19:40.768659', 'variant_type': 'normal'}, {'avg': 0.11, 'low': 0.02, 'avg1': 0.15, 'avg7': 0.1, 'avg30': 0.11, 'trend': 0.11, 'updated_at': '2026-06-14T08:19:40.768659', 'variant_type': 'holo'}]",https://www.cardmarket.com/en/Pokemon/Products/Singles/Perfect-Order/Tarragon-V1-POR085,
Card,pk_b56de80e7d29a46e79de0ad04d52d48beae3ec7c121100a57ba696a879270a6eebe48390cd2a47afedd141d1dacdf1,Rocky Fighting Energy,Rocky Fighting Energy,ME03: Perfect Order,POR,24587,087/088,Rare,Special Fighting Energy,,,,[],,,,"[{'low_price': 0.01, 'mid_price': 0.26, 'high_price': 19.98, 'updated_at': '2026-06-14T08:36:45.258668', 'market_price': 0.22, 'direct_low_price': 0.4, 'sub_type_name': 'Holofoil'}, {'low_price': 0.01, 'mid_price': 0.3, 'high_price': 17.19, 'updated_at': '2026-06-14T08:36:45.258668', 'market_price': 0.25, 'direct_low_price': 0.27, 'sub_type_name': 'Reverse Holofoil'}]",https://www.tcgplayer.com/product/684350,,,,
Card,pk_68ae289c4043808c67c7099cf36541dfbcdfe4adeb71819677f979a66d4c171661570d46a93138717776a1967755e2,Lumiose City - 077/088,Lumiose City,ME03: Perfect Order,POR,24587,077/088,Uncommon,Trainer - Stadium,,,,[],,,,"[{'low_price': 0.01, 'mid_price': 0.13, 'high_price': 19.98, 'updated_at': '2026-06-14T08:36:45.258668', 'market_price': 0.11, 'direct_low_price': 0.01, 'sub_type_name': 'Normal'}, {'low_price': 0.01, 'mid_price': 0.22, 'high_price': 17.7, 'updated_at': '2026-06-14T08:36:45.258668', 'market_price': 0.18, 'direct_low_price': 0.19, 'sub_type_name': 'Reverse Holofoil'}]",https://www.tcgplayer.com/product/684348,Lumiose City,"[{'avg': 0.05, 'low': 0.02, 'avg1': 0.06, 'avg7': 0.04, 'avg30': 0.04, 'trend': 0.04, 'updated_at': '2026-06-14T08:19:40.768659', 'variant_type': 'normal'}, {'avg': 0.1, 'low': 0.02, 'avg1': 0.1, 'avg7': 0.11, 'avg30': 0.11, 'trend': 0.1, 'updated_at': '2026-06-14T08:19:40.768659', 'variant_type': 'holo'}]",https://www.cardmarket.com/en/Pokemon/Products/Singles/Perfect-Order/Lumiose-City-V1-POR077,
Card,pk_6afdb518aea358416714ef1295e49b0c80944f26fdd8ff9f507f52aa03360cc5b908570ba86fcd754bffedd93c1574,Honedge,Honedge,ME03: Perfect Order,POR,24587,056/088,Common,Metal,70.0,Basic,,['[C] Cut (10)'],Rx2,G-30,2.0,"[{'low_price': 0.01, 'mid_price': 0.25, 'high_price': 17.7, 'updated_at': '2026-06-14T08:36:45.258668', 'market_price': 0.31, 'direct_low_price': 0.33, 'sub_type_name': 'Reverse Holofoil'}, {'low_price': 0.01, 'mid_price': 0.15, 'high_price': 17.7, 'updated_at': '2026-06-14T08:36:45.258668', 'market_price': 0.13, 'direct_low_price': 0.05, 'sub_type_name': 'Normal'}]",https://www.tcgplayer.com/product/684378,Honedge,"[{'avg': 0.04, 'low': 0.02, 'avg1': 0.02, 'avg7': 0.02, 'avg30': 0.04, 'trend': 0.02, 'updated_at': '2026-06-14T08:19:40.768659', 'variant_type': 'normal'}, {'avg': 0.1, 'low': 0.02, 'avg1': 0.06, 'avg7': 0.09, 'avg30': 0.1, 'trend': 0.09, 'updated_at': '2026-06-14T08:19:40.768659', 'variant_type': 'holo'}]",https://www.cardmarket.com/en/Pokemon/Products/Singles/Perfect-Order/Honedge-POR056,
Card,pk_9a125eb7420cf16677c79c7c0983927875f35a0ed55c3370b558422e4b41f9d2ebacd2b360ef62c01f39e5cd100843,Growing Grass Energy,Growing Grass Energy,ME03: Perfect Order,POR,24587,086/088,Rare,Special Grass Energy,,,,[],,,,"[{'low_price': 0.01, 'mid_price': 0.22, 'high_price': 45, 'updated_at': '2026-06-14T08:36:45.258668', 'market_price': 0.2, 'direct_low_price': 0.25, 'sub_type_name': 'Holofoil'}, {'low_price': 0.02, 'mid_price': 0.27, 'high_price': 19.98, 'updated_at': '2026-06-14T08:36:45.258668', 'market_price': 0.23, 'direct_low_price': None, 'sub_type_name': 'Reverse Holofoil'}]",https://www.tcgplayer.com/product/684375,,,,
Card,pk_931385744e03adf02b53d63b0b5181baad5effbce0bc1fff88795f53899430b69556d2ae8cbf4808da4f4d3251dc66,Poke Pad - 081/088,Poke Pad,ME03: Perfect Order,POR,24587,081/088,Uncommon,Trainer - Item,,,,[],,,,"[{'low_price': 0.04, 'mid_price': 0.75, 'high_price': 19.98, 'updated_at': '2026-06-14T08:36:45.258668', 'market_price': 0.57, 'direct_low_price': None, 'sub_type_name': 'Reverse Holofoil'}, {'low_price': 0.01, 'mid_price': 0.47, 'high_price': 90, 'updated_at': '2026-06-14T08:36:45.258668', 'market_price': 0.39, 'direct_low_price': None, 'sub_type_name': 'Normal'}]",https://www.tcgplayer.com/product/684332,Poké Pad,"[{'avg': 0.65, 'low': 0.02, 'avg1': 0.56, 'avg7': 0.61, 'avg30': 0.64, 'trend': 0.56, 'updated_at': '2026-06-14T08:19:40.768659', 'variant_type': 'holo'}, {'avg': 0.44, 'low': 0.02, 'avg1': 0.46, 'avg7': 0.45, 'avg30': 0.45, 'trend': 0.46, 'updated_at': '2026-06-14T08:19:40.768659', 'variant_type': 'normal'}]",https://www.cardmarket.com/en/Pokemon/Products/Singles/Perfect-Order/Poke-Pad-V1-POR081,
Card,pk_e1bbeefae7d2971973fa0ddcdcd27a83be9a38bdbb51abc6dea3c70917a33793ceb9e4db03517b35dc54c1571fb19d,Naveen - 079/088,Naveen,ME03: Perfect Order,POR,24587,079/088,Uncommon,Trainer - Supporter,,,,[],,,,"[{'low_price': 0.01, 'mid_price': 0.15, 'high_price': 19.98, 'updated_at': '2026-06-14T08:36:45.258668', 'market_price': 0.11, 'direct_low_price': 0.05, 'sub_type_name': 'Normal'}, {'low_price': 0.01, 'mid_price': 0.21, 'high_price': 17.7, 'updated_at': '2026-06-14T08:36:45.258668', 'market_price': 0.21, 'direct_low_price': 0.2, 'sub_type_name': 'Reverse Holofoil'}]",https://www.tcgplayer.com/product/684346,Naveen,"[{'avg': 0.04, 'low': 0.02, 'avg1': 0.04, 'avg7': 0.03, 'avg30': 0.04, 'trend': 0.04, 'updated_at': '2026-06-14T08:19:40.768659', 'variant_type': 'normal'}, {'avg': 0.1, 'low': 0.02, 'avg1': 0.06, 'avg7': 0.08, 'avg30': 0.1, 'trend': 0.08, 'updated_at': '2026-06-14T08:19:40.768659', 'variant_type': 'holo'}]",https://www.cardmarket.com/en/Pokemon/Products/Singles/Perfect-Order/Naveen-V1-POR079,
Card,pk_32bf4e42f8ba0c203f1c2823d3324eb98a222a03b69ace3deffc87efe1d92e6ca2c84daa428c6c02e3b7dfcec72823,Tyrunt,Tyrunt,ME03: Perfect Order,POR,24587,044/088,Common,Fighting,100.0,,,['[FC] Get Angry (20x)<br> This attack does 20 damage for each damage counter on this Pokémon.'],Gx2,,3.0,"[{'low_price': 0.01, 'mid_price': 0.18, 'high_price': 17.7, 'updated_at': '2026-06-14T08:36:45.258668', 'market_price': 0.16, 'direct_low_price': 0.05, 'sub_type_name': 'Normal'}, {'low_price': 0.01, 'mid_price': 0.25, 'high_price': 17.7, 'updated_at': '2026-06-14T08:36:45.258668', 'market_price': 0.21, 'direct_low_price': 0.25, 'sub_type_name': 'Reverse Holofoil'}]",https://www.tcgplayer.com/product/684358,Tyrunt,"[{'avg': 0.1, 'low': 0.02, 'avg1': 0.12, 'avg7': 0.11, 'avg30': 0.1, 'trend': 0.1, 'updated_at': '2026-06-14T08:19:40.768659', 'variant_type': 'holo'}, {'avg': 0.04, 'low': 0.02, 'avg1': 0.02, 'avg7': 0.04, 'avg30': 0.04, 'trend': 0.03, 'updated_at': '2026-06-14T08:19:40.768659', 'variant_type': 'normal'}]",https://www.cardmarket.com/en/Pokemon/Products/Singles/Perfect-Order/Tyrunt-POR044,
Card,pk_17399808abb25505fa1755b8edf23f25552e9931cea7fb2ab1db04d7c57278444a98d4d208a111249a006c48a9691f,Gengar,Gengar,ME03: Perfect Order,POR,24587,050/088,Rare,Darkness,130.0,Stage 2,,"[""[D] Mind Jack (10+)<br> This attack does 30 more damage for each of your opponent's Benched Pokémon.""]",Fx2,,1.0,"[{'low_price': 0.25, 'mid_price': 1.02, 'high_price': 61, 'updated_at': '2026-06-14T08:36:45.258668', 'market_price': 1.63, 'direct_low_price': 3.39, 'sub_type_name': 'Reverse Holofoil'}, {'low_price': 0.05, 'mid_price': 0.7, 'high_price': 50, 'updated_at': '2026-06-14T08:36:45.258668', 'market_price': 0.52, 'direct_low_price': None, 'sub_type_name': 'Holofoil'}]",https://www.tcgplayer.com/product/684431,Gengar,"[{'avg': 0.36, 'low': 0.02, 'avg1': 0.39, 'avg7': 0.31, 'avg30': 0.37, 'trend': 0.32, 'updated_at': '2026-06-14T08:19:40.768659', 'variant_type': 'normal'}, {'avg': 0.64, 'low': 0.02, 'avg1': 0.3, 'avg7': 0.71, 'avg30': 0.64, 'trend': 0.79, 'updated_at': '2026-06-14T08:19:40.768659', 'variant_type': 'holo'}]",https://www.cardmarket.com/en/Pokemon/Products/Singles/Perfect-Order/Gengar-POR050,
Card,pk_8c222d597dada91e96853edd4d43069f58df4b49ec72ff8e7cac8cd002c2de1577e337a1816928d0e515741023d65d,Mawile,Mawile,ME03: Perfect Order,POR,24587,032/088,Common,Psychic,110.0,Basic,,"['[PC] Double Eater (60x)<br> Discard up to 2 Energy cards from your hand, and this attack does 60 damage for each card you discarded in this way.']",Mx2,,2.0,"[{'low_price': 0.01, 'mid_price': 0.15, 'high_price': 17.7, 'updated_at': '2026-06-14T08:36:45.258668', 'market_price': 0.09, 'direct_low_price': 0.01, 'sub_type_name': 'Normal'}, {'low_price': 0.01, 'mid_price': 0.2, 'high_price': 17.7, 'updated_at': '2026-06-14T08:36:45.258668', 'market_price': 0.17, 'direct_low_price': 0.15, 'sub_type_name': 'Reverse Holofoil'}]",https://www.tcgplayer.com/product/684416,Mawile,"[{'avg': 0.03, 'low': 0.02, 'avg1': 0.02, 'avg7': 0.03, 'avg30': 0.04, 'trend': 0.03, 'updated_at': '2026-06-14T08:19:40.768659', 'variant_type': 'normal'}, {'avg': 0.09, 'low': 0.02, 'avg1': 0.1, 'avg7': 0.09, 'avg30': 0.09, 'trend': 0.09, 'updated_at': '2026-06-14T08:19:40.768659', 'variant_type': 'holo'}]",https://www.cardmarket.com/en/Pokemon/Products/Singles/Perfect-Order/Mawile-POR032,
Card,pk_5e5b27b3dd5ac8bbcd01327b67610f3a08d7285491d358ba9c1e05e7c344d8635c2175e3b96f13f0708d21ab4cffe6,Fletchinder,Fletchinder,ME03: Perfect Order,POR,24587,013/088,Common,Fire,90.0,Stage 1,,['[RR] Flare (60)'],Lx2,F-30,1.0,"[{'low_price': 0.01, 'mid_price': 0.12, 'high_price': 19.98, 'updated_at': '2026-06-14T08:36:45.258668', 'market_price': 0.07, 'direct_low_price': 0.01, 'sub_type_name': 'Normal'}, {'low_price': 0.01, 'mid_price': 0.23, 'high_price': 17.7, 'updated_at': '2026-06-14T08:36:45.258668', 'market_price': 0.23, 'direct_low_price': 0.23, 'sub_type_name': 'Reverse Holofoil'}]",https://www.tcgplayer.com/product/684404,Fletchinder,"[{'avg': 0.08, 'low': 0.02, 'avg1': 0.1, 'avg7': 0.09, 'avg30': 0.08, 'trend': 0.09, 'updated_at': '2026-06-14T08:19:40.768659', 'variant_type': 'holo'}, {'avg': 0.03, 'low': 0.02, 'avg1': 0.08, 'avg7': 0.03, 'avg30': 0.03, 'trend': 0.03, 'updated_at': '2026-06-14T08:19:40.768659', 'variant_type': 'normal'}]",https://www.cardmarket.com/en/Pokemon/Products/Singles/Perfect-Order/Fletchinder-POR013,
Card,pk_e6ff92dfd3b50b148a5719bf562923983ca020fae838051f293ba7e204e65608642e121434eb599cf38145b0db13e7,Chien-Pao,Chien Pao,ME03: Perfect Order,POR,24587,054/088,Rare,Darkness,120.0,Basic,,"['[D] Strafe (20)<br> You may switch this Pokémon with 1 of your Benched Pokémon.', ""[DDC] Rising Blade (80+)<br> If your opponent's Active Pokémon is a Pokémon ex, this attack does 80 more damage.""]",Gx2,,1.0,"[{'low_price': 0.01, 'mid_price': 0.17, 'high_price': 19.98, 'updated_at': '2026-06-14T08:36:45.258668', 'market_price': 0.15, 'direct_low_price': 0.05, 'sub_type_name': 'Holofoil'}, {'low_price': 0.01, 'mid_price': 0.2, 'high_price': 17.7, 'updated_at': '2026-06-14T08:36:45.258668', 'market_price': 0.14, 'direct_low_price': 0.17, 'sub_type_name': 'Reverse Holofoil'}]",https://www.tcgplayer.com/product/684435,Chien-Pao,"[{'avg': 0.11, 'low': 0.02, 'avg1': 0.14, 'avg7': 0.11, 'avg30': 0.11, 'trend': 0.09, 'updated_at': '2026-06-14T08:19:40.768659', 'variant_type': 'holo'}, {'avg': 0.05, 'low': 0.02, 'avg1': 0.05, 'avg7': 0.04, 'avg30': 0.05, 'trend': 0.04, 'updated_at': '2026-06-14T08:19:40.768659', 'variant_type': 'normal'}]",https://www.cardmarket.com/en/Pokemon/Products/Singles/Perfect-Order/Chien-Pao-POR054,
Card,pk_c7e10a11eaa170c8e7ee465453f161c8b615b4256b005ccdf85dd2e759ae5eec77fdb7b83f5b953a96f03a583d4a,Spinarak,Spinarak,ME03: Perfect Order,POR,24587,001/088,Common,Grass,60.0,Basic,,"[""[G] Gooey Thread (10)<br> During your opponent's next turn, the Defending Pokémon can't retreat.""]",Rx2,,1.0,"[{'low_price': 0.01, 'mid_price': 0.12, 'high_price': 17.7, 'updated_at': '2026-06-14T08:36:45.258668', 'market_price': 0.07, 'direct_low_price': 0.01, 'sub_type_name': 'Normal'}, {'low_price': 0.01, 'mid_price': 0.2, 'high_price': 30, 'updated_at': '2026-06-14T08:36:45.258668', 'market_price': 0.22, 'direct_low_price': 0.08, 'sub_type_name': 'Reverse Holofoil'}]",https://www.tcgplayer.com/product/684397,Spinarak,"[{'avg': 0.03, 'low': 0.02, 'avg1': 0.02, 'avg7': 0.02, 'avg30': 0.03, 'trend': 0.02, 'updated_at': '2026-06-14T08:19:40.768659', 'variant_type': 'normal'}, {'avg': 0.07, 'low': 0.02, 'avg1': 0.04, 'avg7': 0.07, 'avg30': 0.07, 'trend': 0.06, 'updated_at': '2026-06-14T08:19:40.768659', 'variant_type': 'holo'}]",https://www.cardmarket.com/en/Pokemon/Products/Singles/Perfect-Order/Spinarak-POR001,
Card,pk_92d691e24703b1db2cd4c0ee620a21b9511f0f1d8e9834f364c38e3e083a4326f2817bd9cf28f4a38b7924ed0ed9af,Antique Sail Fossil,Antique Sail Fossil,ME03: Perfect Order,POR,24587,069/088,Common,Trainer - Item,,,,[],,,,"[{'low_price': 0.01, 'mid_price': 0.16, 'high_price': 10000, 'updated_at': '2026-06-14T08:36:45.258668', 'market_price': 0.14, 'direct_low_price': 0.1, 'sub_type_name': 'Normal'}, {'low_price': 0.01, 'mid_price': 0.24, 'high_price': 19.98, 'updated_at': '2026-06-14T08:36:45.258668', 'market_price': 0.25, 'direct_low_price': 0.2, 'sub_type_name': 'Reverse Holofoil'}]",https://www.tcgplayer.com/product/684354,Antique Sail Fossil,"[{'avg': 0.05, 'low': 0.02, 'avg1': 0.07, 'avg7': 0.04, 'avg30': 0.04, 'trend': 0.04, 'updated_at': '2026-06-14T08:19:40.768659', 'variant_type': 'normal'}, {'avg': 0.1, 'low': 0.02, 'avg1': 0.25, 'avg7': 0.13, 'avg30': 0.11, 'trend': 0.12, 'updated_at': '2026-06-14T08:19:40.768659', 'variant_type': 'holo'}]",https://www.cardmarket.com/en/Pokemon/Products/Singles/Perfect-Order/Antique-Sail-Fossil-POR069,
Card,pk_f742f5f1a6885a15657fde50fd1d815b77a036e3f83ae0b8f4c0503dcffc1b3e345ff065101b31f0744964222b2b90,Hippowdon,Hippowdon,ME03: Perfect Order,POR,24587,040/088,Uncommon,Fighting,150.0,Stage 1,,"[""[FFC] Twister Spewing (80)<br> If you played Tarragon from your hand during this turn, discard the top 3 cards of your opponent's deck."", '[FFCC] Heavy Impact (130)']",Gx2,,4.0,"[{'low_price': 0.01, 'mid_price': 0.22, 'high_price': 17.7, 'updated_at': '2026-06-14T08:36:45.258668', 'market_price': 0.23, 'direct_low_price': 0.2, 'sub_type_name': 'Reverse Holofoil'}, {'low_price': 0.01, 'mid_price': 0.12, 'high_price': 17.7, 'updated_at': '2026-06-14T08:36:45.258668', 'market_price': 0.03, 'direct_low_price': 0.01, 'sub_type_name': 'Normal'}]",https://www.tcgplayer.com/product/684426,Hippowdon,"[{'avg': 0.03, 'low': 0.02, 'avg1': 0.02, 'avg7': 0.02, 'avg30': 0.02, 'trend': 0.02, 'updated_at': '2026-06-14T08:19:40.768659', 'variant_type': 'normal'}, {'avg': 0.09, 'low': 0.02, 'avg1': 0.11, 'avg7': 0.08, 'avg30': 0.09, 'trend': 0.09, 'updated_at': '2026-06-14T08:19:40.768659', 'variant_type': 'holo'}]",https://www.cardmarket.com/en/Pokemon/Products/Singles/Perfect-Order/Hippowdon-POR040,
Card,pk_7dd3e314b716c963c77fdd34caff405ba957581d525efc583e1771efcce4ecbd50586d8424184bcb21fa89eda137cf,Klefki,Klefki,ME03: Perfect Order,POR,24587,059/088,Common,Metal,70.0,Basic,,"[""[M] Memory Lock (30)<br> Choose 1 of your opponent's Active Pokémon's attacks. During your opponent's next turn, that Pokémon can't use that attack.""]",Rx2,G-30,1.0,"[{'low_price': 0.01, 'mid_price': 0.23, 'high_price': 17.7, 'updated_at': '2026-06-14T08:36:45.258668', 'market_price': 0.26, 'direct_low_price': 0.1, 'sub_type_name': 'Reverse Holofoil'}, {'low_price': 0.01, 'mid_price': 0.13, 'high_price': 19.98, 'updated_at': '2026-06-14T08:36:45.258668', 'market_price': 0.08, 'direct_low_price': 0.01, 'sub_type_name': 'Normal'}]",https://www.tcgplayer.com/product/684436,Klefki,"[{'avg': 0.03, 'low': 0.02, 'avg1': 0.02, 'avg7': 0.03, 'avg30': 0.03, 'trend': 0.03, 'updated_at': '2026-06-14T08:19:40.768659', 'variant_type': 'normal'}, {'avg': 0.08, 'low': 0.02, 'avg1': 0.06, 'avg7': 0.07, 'avg30': 0.08, 'trend': 0.07, 'updated_at': '2026-06-14T08:19:40.768659', 'variant_type': 'holo'}]",https://www.cardmarket.com/en/Pokemon/Products/Singles/Perfect-Order/Klefki-POR059,
Card,pk_c2e6fb999077108f98c5d7c5fd1c3754d81cffd2ef8415c49d4df20eead6256327416909747adfd37ee5c628bc65fc,Bunnelby,Bunnelby,ME03: Perfect Order,POR,24587,064/088,Common,Colorless,70.0,Basic,,['[C] Smash Kick (10)'],Fx2,,1.0,"[{'low_price': 0.01, 'mid_price': 0.25, 'high_price': 17.7, 'updated_at': '2026-06-14T08:36:45.258668', 'market_price': 0.27, 'direct_low_price': 0.21, 'sub_type_name': 'Reverse Holofoil'}, {'low_price': 0.01, 'mid_price': 0.12, 'high_price': 17.7, 'updated_at': '2026-06-14T08:36:45.258668', 'market_price': 0.04, 'direct_low_price': 0.01, 'sub_type_name': 'Normal'}]",https://www.tcgplayer.com/product/684441,Bunnelby,"[{'avg': 0.03, 'low': 0.02, 'avg1': 0.02, 'avg7': 0.02, 'avg30': 0.03, 'trend': 0.02, 'updated_at': '2026-06-14T08:19:40.768659', 'variant_type': 'normal'}, {'avg': 0.08, 'low': 0.02, 'avg1': 0.11, 'avg7': 0.08, 'avg30': 0.08, 'trend': 0.08, 'updated_at': '2026-06-14T08:19:40.768659', 'variant_type': 'holo'}]",https://www.cardmarket.com/en/Pokemon/Products/Singles/Perfect-Order/Bunnelby-POR064,
Card,pk_f91104eb09fc3e32ec0b129e19bf7c63b65c60ca696c60cfdc804a10e2c27136046e93a2fce89741d3098a19ed2f8b,Antique Jaw Fossil,Antique Jaw Fossil,ME03: Perfect Order,POR,24587,068/088,Common,Trainer - Item,,,,[],,,,"[{'low_price': 0.01, 'mid_price': 0.23, 'high_price': 19.98, 'updated_at': '2026-06-14T08:36:45.258668', 'market_price': 0.22, 'direct_low_price': 0.22, 'sub_type_name': 'Reverse Holofoil'}, {'low_price': 0.01, 'mid_price': 0.15, 'high_price': 19.98, 'updated_at': '2026-06-14T08:36:45.258668', 'market_price': 0.12, 'direct_low_price': 0.1, 'sub_type_name': 'Normal'}]",https://www.tcgplayer.com/product/684353,Antique Jaw Fossil,"[{'avg': 0.04, 'low': 0.02, 'avg1': 0.03, 'avg7': 0.04, 'avg30': 0.05, 'trend': 0.04, 'updated_at': '2026-06-14T08:19:40.768659', 'variant_type': 'normal'}, {'avg': 0.1, 'low': 0.02, 'avg1': 0.09, 'avg7': 0.1, 'avg30': 0.1, 'trend': 0.1, 'updated_at': '2026-06-14T08:19:40.768659', 'variant_type': 'holo'}]",https://www.cardmarket.com/en/Pokemon/Products/Singles/Perfect-Order/Antique-Jaw-Fossil-POR068,
Card,pk_41b2a87942d88e9a4d7fc32f6a59b16e0d444a1f19c0784fd744306c4efd7a95d6b3a841bc070259563686ba66c668,Salazzle ex - 016/088,Salazzle ex,ME03: Perfect Order,POR,24587,016/088,Double Rare,Fire,260.0,Stage 1,,"['[R] Nasty Plot<br> Search your deck for up to 2 cards and put them into your hand. Then, shuffle your deck.', ""[RR] Dire Nails (100)<br> Your opponent's Active Pokémon is now Burned and Poisoned. Switch this Pokémon with 1 of your Benched Pokémon.""]",Wx2,,1.0,"[{'low_price': 0.05, 'mid_price': 0.51, 'high_price': 4321, 'updated_at': '2026-06-14T08:36:45.258668', 'market_price': 0.4, 'direct_low_price': 0.5, 'sub_type_name': 'Holofoil'}]",https://www.tcgplayer.com/product/684376,Salazzle ex,"[{'avg': 0.39, 'low': 0.02, 'avg1': 0.35, 'avg7': 0.38, 'avg30': 0.39, 'trend': 0.37, 'updated_at': '2026-06-14T08:19:40.768659', 'variant_type': 'normal'}, {'avg': None, 'low': None, 'avg1': None, 'avg7': None, 'avg30': None, 'trend': 0, 'updated_at': '2026-06-14T08:19:40.768659', 'variant_type': 'holo'}]",https://www.cardmarket.com/en/Pokemon/Products/Singles/Perfect-Order/Salazzle-ex-V1-POR016,
Card,pk_41be869709b314743826a964a1e705c9e06811120e0f1cefc8ff77510f1e6dbf2310abd07cdde2d8f9221bb712675c,Salandit,Salandit,ME03: Perfect Order,POR,24587,015/088,Common,Fire,70.0,Basic,,['[R] Fire Claws (20)'],Wx2,,1.0,"[{'low_price': 0.01, 'mid_price': 0.23, 'high_price': 17.7, 'updated_at': '2026-06-14T08:36:45.258668', 'market_price': 0.25, 'direct_low_price': 0.22, 'sub_type_name': 'Reverse Holofoil'}, {'low_price': 0.01, 'mid_price': 0.14, 'high_price': 17.7, 'updated_at': '2026-06-14T08:36:45.258668', 'market_price': 0.11, 'direct_low_price': 0.01, 'sub_type_name': 'Normal'}]",https://www.tcgplayer.com/product/684382,Salandit,"[{'avg': 0.03, 'low': 0.02, 'avg1': 0.03, 'avg7': 0.03, 'avg30': 0.03, 'trend': 0.03, 'updated_at': '2026-06-14T08:19:40.768659', 'variant_type': 'normal'}, {'avg': 0.09, 'low': 0.02, 'avg1': 0.16, 'avg7': 0.09, 'avg30': 0.09, 'trend': 0.08, 'updated_at': '2026-06-14T08:19:40.768659', 'variant_type': 'holo'}]",https://www.cardmarket.com/en/Pokemon/Products/Singles/Perfect-Order/Salandit-POR015,
Card,pk_cc147a348f1131b57dec81b88e222a90cc7e6dcc1a58bf21c1bda146be5fe70fd588f83c51111cd7d40e0b2cbf83,Serperior,Serperior,ME03: Perfect Order,POR,24587,006/088,Rare,Grass,160.0,Stage 2,,"['[G] Regal Command (20x)<br> This attack does 20 damage for each of your Pokémon in play.', ""[GGG] Solar Coiling (100+)<br> If Rosa's Encouragement is in your discard pile, this attack does 150 more damage.""]",Rx2,,2.0,"[{'low_price': 0.01, 'mid_price': 0.16, 'high_price': 17.7, 'updated_at': '2026-06-14T08:36:45.258668', 'market_price': 0.13, 'direct_low_price': 0.05, 'sub_type_name': 'Holofoil'}, {'low_price': 0.01, 'mid_price': 0.24, 'high_price': 20, 'updated_at': '2026-06-14T08:36:45.258668', 'market_price': 0.22, 'direct_low_price': 0.22, 'sub_type_name': 'Reverse Holofoil'}]",https://www.tcgplayer.com/product/684402,Serperior,"[{'avg': 0.05, 'low': 0.02, 'avg1': 0.09, 'avg7': 0.04, 'avg30': 0.05, 'trend': 0.05, 'updated_at': '2026-06-14T08:19:40.768659', 'variant_type': 'normal'}, {'avg': 0.12, 'low': 0.02, 'avg1': 0.16, 'avg7': 0.12, 'avg30': 0.12, 'trend': 0.11, 'updated_at': '2026-06-14T08:19:40.768659', 'variant_type': 'holo'}]",https://www.cardmarket.com/en/Pokemon/Products/Singles/Perfect-Order/Serperior-POR006,
Card,pk_5b8f2ab2a481a116d5108baf15393ee5f84040bc2bd9970fb3621ffa46c5cfb2efd7f456542faf8f48fdaeec5559c5,Diggersby,Diggersby,ME03: Perfect Order,POR,24587,065/088,Uncommon,Colorless,150.0,Stage 1,,"[""[C] Earthquake (140)<br> This attack also does 30 damage to each of your Benched Pokémon. <em>(Don't apply Weakness and Resistance for Benched Pokémon.)</em>"", '[CCC] Whap Down (100)']",Fx2,,4.0,"[{'low_price': 0.01, 'mid_price': 0.12, 'high_price': 17.7, 'updated_at': '2026-06-14T08:36:45.258668', 'market_price': 0.04, 'direct_low_price': 0.01, 'sub_type_name': 'Normal'}, {'low_price': 0.01, 'mid_price': 0.21, 'high_price': 17.7, 'updated_at': '2026-06-14T08:36:45.258668', 'market_price': 0.26, 'direct_low_price': 0.13, 'sub_type_name': 'Reverse Holofoil'}]",https://www.tcgplayer.com/product/684442,Diggersby,"[{'avg': 0.03, 'low': 0.02, 'avg1': 0.02, 'avg7': 0.02, 'avg30': 0.02, 'trend': 0.02, 'updated_at': '2026-06-14T08:19:40.768659', 'variant_type': 'normal'}, {'avg': 0.09, 'low': 0.02, 'avg1': 0.06, 'avg7': 0.08, 'avg30': 0.1, 'trend': 0.09, 'updated_at': '2026-06-14T08:19:40.768659', 'variant_type': 'holo'}]",https://www.cardmarket.com/en/Pokemon/Products/Singles/Perfect-Order/Diggersby-POR065,
Card,pk_e1404714caed9893297aea535afb6d40c922e9647e77ab6f04d99fbb106b06b7048d9d9fef772874287f2e9fe898f0,Probopass - 038/088,Probopass,ME03: Perfect Order,POR,24587,038/088,Common,Fighting,140.0,Stage 1,,"['[FF] Rolling Rocks (60)', '[FFFC] Obliterating Nose (260)<br> Discard 3 Energy from this Pokémon.']",Gx2,,3.0,"[{'low_price': 0.01, 'mid_price': 0.25, 'high_price': 17.7, 'updated_at': '2026-06-14T08:36:45.258668', 'market_price': 0.25, 'direct_low_price': 0.1, 'sub_type_name': 'Reverse Holofoil'}, {'low_price': 0.01, 'mid_price': 0.12, 'high_price': 17.7, 'updated_at': '2026-06-14T08:36:45.258668', 'market_price': 0.06, 'direct_low_price': 0.01, 'sub_type_name': 'Normal'}]",https://www.tcgplayer.com/product/684423,Probopass,"[{'avg': 0.08, 'low': 0.02, 'avg1': 0.05, 'avg7': 0.07, 'avg30': 0.08, 'trend': 0.07, 'updated_at': '2026-06-14T08:19:40.768659', 'variant_type': 'holo'}, {'avg': 0.03, 'low': 0.02, 'avg1': 0.02, 'avg7': 0.02, 'avg30': 0.02, 'trend': 0.02, 'updated_at': '2026-06-14T08:19:40.768659', 'variant_type': 'normal'}]",https://www.cardmarket.com/en/Pokemon/Products/Singles/Perfect-Order/Probopass-V1-POR038,
Card,pk_deffa5296cfe6a5e2ae6c12b01de5d858790a1b37d3ea6af74c434215b6627a8be63f5c7bd69f400121f6a318be017,Talonflame - 091/088,Talonflame,ME03: Perfect Order,POR,24587,091/088,Shiny Rare,Fire,150.0,Stage 2,,['[RR] Fire Wing (110)'],Lx2,F-30,1.0,"[{'low_price': 2, 'mid_price': 3.34, 'high_price': 4321, 'updated_at': '2026-06-14T08:36:45.258668', 'market_price': 2.84, 'direct_low_price': None, 'sub_type_name': 'Holofoil'}]",https://www.tcgplayer.com/product/684406,Talonflame,"[{'avg': 3.4, 'low': 1, 'avg1': 3.45, 'avg7': 3.41, 'avg30': 3.39, 'trend': 3.51, 'updated_at': '2026-06-14T08:19:40.768659', 'variant_type': 'normal'}, {'avg': None, 'low': None, 'avg1': None, 'avg7': None, 'avg30': None, 'trend': 0, 'updated_at': '2026-06-14T08:19:40.768659', 'variant_type': 'holo'}]",https://www.cardmarket.com/en/Pokemon/Products/Singles/Perfect-Order/Talonflame-V2-POR091,
Card,pk_d0ce5eb8fea1ae2a55885264b273b0e41a162e1287a1f55f3f6f82009f8273bccc8cbde6d74fe2306f56406916dde7,Rowlet - 090/088,Rowlet,ME03: Perfect Order,POR,24587,090/088,Shiny Rare,Grass,80.0,Basic,,"['[G] Find a Friend<br> Search your deck for a Pokémon, reveal it, and put it into your hand. Then, shuffle your deck.', '[CCC] Tackle (30)']",Rx2,,2.0,"[{'low_price': 5.5, 'mid_price': 7.25, 'high_price': 90, 'updated_at': '2026-06-14T08:36:45.258668', 'market_price': 7.14, 'direct_low_price': None, 'sub_type_name': 'Holofoil'}]",https://www.tcgplayer.com/product/684368,Rowlet,"[{'avg': 5.75, 'low': 3, 'avg1': 5.41, 'avg7': 5.93, 'avg30': 5.74, 'trend': 5.97, 'updated_at': '2026-06-14T08:19:40.768659', 'variant_type': 'normal'}, {'avg': None, 'low': None, 'avg1': None, 'avg7': None, 'avg30': None, 'trend': 0, 'updated_at': '2026-06-14T08:19:40.768659', 'variant_type': 'holo'}]",https://www.cardmarket.com/en/Pokemon/Products/Singles/Perfect-Order/Rowlet-V2-POR090,
Card,pk_f4ca10876c3c7ef63401428336cdf384ac042952d8b7547fd3cf41849bdf9348d41ba519a44e2aa4f8391092e70dc1,Luxray,Luxray,ME03: Perfect Order,POR,24587,028/088,Rare,Lightning,150.0,Stage 2,,"['[LC] Incessant Onslaught (70x)<br> This attack does 70 damage for each Prize card you have taken.', '[LLC] Strong Volt (200)<br> Discard 2 Energy from this Pokémon.']",Fx2,,0.0,"[{'low_price': 0.02, 'mid_price': 0.25, 'high_price': 17.7, 'updated_at': '2026-06-14T08:36:45.258668', 'market_price': 0.3, 'direct_low_price': 0.26, 'sub_type_name': 'Reverse Holofoil'}, {'low_price': 0.01, 'mid_price': 0.16, 'high_price': 17.7, 'updated_at': '2026-06-14T08:36:45.258668', 'market_price': 0.13, 'direct_low_price': 0.05, 'sub_type_name': 'Holofoil'}]",https://www.tcgplayer.com/product/684411,Luxray,"[{'avg': 0.1, 'low': 0.02, 'avg1': 0.1, 'avg7': 0.05, 'avg30': 0.05, 'trend': 0.06, 'updated_at': '2026-06-14T08:19:40.768659', 'variant_type': 'normal'}, {'avg': 0.1, 'low': 0.02, 'avg1': 0.12, 'avg7': 0.1, 'avg30': 0.11, 'trend': 0.1, 'updated_at': '2026-06-14T08:19:40.768659', 'variant_type': 'holo'}]",https://www.cardmarket.com/en/Pokemon/Products/Singles/Perfect-Order/Luxray-POR028,
Card,pk_18c524297a8796f6cb2804497f12b6b5cd5bcc70afe85e244dd4a9a0034b39472ffbd4bbf3a7f54f3fd7d54f4f6e16,Turtonator,Turtonator,ME03: Perfect Order,POR,24587,017/088,Uncommon,Fire,120.0,Basic,,"['[RRC] Heat Breath (80+)<br> Flip a coin. If heads, this attack does 80 more damage.']",Wx2,,2.0,"[{'low_price': 0.01, 'mid_price': 0.21, 'high_price': 17.7, 'updated_at': '2026-06-14T08:36:45.258668', 'market_price': 0.18, 'direct_low_price': 0.16, 'sub_type_name': 'Reverse Holofoil'}, {'low_price': 0.01, 'mid_price': 0.13, 'high_price': 17.7, 'updated_at': '2026-06-14T08:36:45.258668', 'market_price': 0.04, 'direct_low_price': 0.01, 'sub_type_name': 'Normal'}]",https://www.tcgplayer.com/product/684407,Turtonator,"[{'avg': 0.09, 'low': 0.02, 'avg1': 0.06, 'avg7': 0.07, 'avg30': 0.09, 'trend': 0.09, 'updated_at': '2026-06-14T08:19:40.768659', 'variant_type': 'holo'}, {'avg': 0.03, 'low': 0.02, 'avg1': 0.02, 'avg7': 0.02, 'avg30': 0.02, 'trend': 0.03, 'updated_at': '2026-06-14T08:19:40.768659', 'variant_type': 'normal'}]",https://www.cardmarket.com/en/Pokemon/Products/Singles/Perfect-Order/Turtonator-POR017,
Card,pk_1c16301e11eecbaa009dcbf5c5395e77ef257793ecade9e0060953f149ec74c7498c2e9a5bc81b1d2c8cca0f5f1a38,Luxio,Luxio,ME03: Perfect Order,POR,24587,027/088,Uncommon,Lightning,90.0,Stage 1,,['[LC] Static Shock (40)'],Fx2,,1.0,"[{'low_price': 0.01, 'mid_price': 0.24, 'high_price': 17.7, 'updated_at': '2026-06-14T08:36:45.258668', 'market_price': 0.26, 'direct_low_price': 0.21, 'sub_type_name': 'Reverse Holofoil'}, {'low_price': 0.01, 'mid_price': 0.14, 'high_price': 19.98, 'updated_at': '2026-06-14T08:36:45.258668', 'market_price': 0.09, 'direct_low_price': 0.01, 'sub_type_name': 'Normal'}]",https://www.tcgplayer.com/product/684410,Luxio,"[{'avg': 0.03, 'low': 0.02, 'avg1': 0.09, 'avg7': 0.02, 'avg30': 0.03, 'trend': 0.03, 'updated_at': '2026-06-14T08:19:40.768659', 'variant_type': 'normal'}, {'avg': 0.1, 'low': 0.02, 'avg1': 0.12, 'avg7': 0.09, 'avg30': 0.1, 'trend': 0.09, 'updated_at': '2026-06-14T08:19:40.768659', 'variant_type': 'holo'}]",https://www.cardmarket.com/en/Pokemon/Products/Singles/Perfect-Order/Luxio-POR027,
Card,pk_6f9bb1a6fb3f300f116497798100514ffd158af5e10bb163610183e7f8dc453b8f8cc6dfe451ee78b2ca0151b7b708,Barbaracle,Barbaracle,ME03: Perfect Order,POR,24587,043/088,Uncommon,Fighting,130.0,Stage 1,,['[FFC] Hammer In (80)'],Gx2,,2.0,"[{'low_price': 0.01, 'mid_price': 0.15, 'high_price': 19.98, 'updated_at': '2026-06-14T08:36:45.258668', 'market_price': 0.14, 'direct_low_price': 0.01, 'sub_type_name': 'Normal'}, {'low_price': 0.01, 'mid_price': 0.25, 'high_price': 18.16, 'updated_at': '2026-06-14T08:36:45.258668', 'market_price': 0.28, 'direct_low_price': 0.27, 'sub_type_name': 'Reverse Holofoil'}]",https://www.tcgplayer.com/product/684335,Barbaracle,"[{'avg': 0.04, 'low': 0.02, 'avg1': 0.02, 'avg7': 0.03, 'avg30': 0.04, 'trend': 0.03, 'updated_at': '2026-06-14T08:19:40.768659', 'variant_type': 'normal'}, {'avg': 0.11, 'low': 0.02, 'avg1': 0.17, 'avg7': 0.11, 'avg30': 0.11, 'trend': 0.1, 'updated_at': '2026-06-14T08:19:40.768659', 'variant_type': 'holo'}]",https://www.cardmarket.com/en/Pokemon/Products/Singles/Perfect-Order/Barbaracle-POR043,
Card,pk_68014d1bdf4617786338a224734843fe441635cd92540693b222d01fd4989d54cccd7db4ea72d106a23e1fbcc1e1f5,Core Memory,Core Memory,ME03: Perfect Order,POR,24587,070/088,Uncommon,Trainer - Pokemon Tool,,,,[],,,,"[{'low_price': 0.01, 'mid_price': 0.21, 'high_price': 20, 'updated_at': '2026-06-14T08:36:45.258668', 'market_price': 0.2, 'direct_low_price': 0.19, 'sub_type_name': 'Reverse Holofoil'}, {'low_price': 0.01, 'mid_price': 0.14, 'high_price': 17.7, 'updated_at': '2026-06-14T08:36:45.258668', 'market_price': 0.09, 'direct_low_price': 0.01, 'sub_type_name': 'Normal'}]",https://www.tcgplayer.com/product/684343,Core Memory,"[{'avg': 0.03, 'low': 0.02, 'avg1': 0.02, 'avg7': 0.02, 'avg30': 0.03, 'trend': 0.02, 'updated_at': '2026-06-14T08:19:40.768659', 'variant_type': 'normal'}, {'avg': 0.1, 'low': 0.02, 'avg1': 0.12, 'avg7': 0.1, 'avg30': 0.1, 'trend': 0.08, 'updated_at': '2026-06-14T08:19:40.768659', 'variant_type': 'holo'}]",https://www.cardmarket.com/en/Pokemon/Products/Singles/Perfect-Order/Core-Memory-POR070,
Card,pk_e2b2a8cc3d21447eaf6920786cf163236054891eafbfa0552bca0e87b9a8f4eb9175b2babe9aaaf646c6b87f1ce83b,Crushing Hammer,Crushing Hammer,ME03: Perfect Order,POR,24587,071/088,Common,Trainer - Item,,,,[],,,,"[{'low_price': 0.01, 'mid_price': 0.17, 'high_price': 19.98, 'updated_at': '2026-06-14T08:36:45.258668', 'market_price': 0.18, 'direct_low_price': 0.13, 'sub_type_name': 'Normal'}, {'low_price': 0.01, 'mid_price': 0.24, 'high_price': 17.96, 'updated_at': '2026-06-14T08:36:45.258668', 'market_price': 0.27, 'direct_low_price': 0.49, 'sub_type_name': 'Reverse Holofoil'}]",https://www.tcgplayer.com/product/684325,Crushing Hammer,"[{'avg': 0.07, 'low': 0.02, 'avg1': 0.06, 'avg7': 0.06, 'avg30': 0.07, 'trend': 0.06, 'updated_at': '2026-06-14T08:19:40.768659', 'variant_type': 'normal'}, {'avg': 0.15, 'low': 0.02, 'avg1': 0.12, 'avg7': 0.14, 'avg30': 0.16, 'trend': 0.15, 'updated_at': '2026-06-14T08:19:40.768659', 'variant_type': 'holo'}]",https://www.cardmarket.com/en/Pokemon/Products/Singles/Perfect-Order/Crushing-Hammer-POR071,
Card,pk_1f954ec9ba7897961196a52e7a3409bf4b561b8275daa9aafa0bfcb630a1d723c7a930e520de17f75403500b20309a,Dartrix,Dartrix,ME03: Perfect Order,POR,24587,011/088,Common,Grass,100.0,Stage 1,,"['[G] Leafage (20)', ""[CCC] Feather Shot<br> Discard all Energy from this Pokémon, and this attack does 90 damage to 1 of your opponent's Pokémon. <em>(Don't apply Weakness and Resistance for Benched Pokémon.)</em>""]",Rx2,,2.0,"[{'low_price': 0.01, 'mid_price': 0.23, 'high_price': 17.7, 'updated_at': '2026-06-14T08:36:45.258668', 'market_price': 0.22, 'direct_low_price': 0.24, 'sub_type_name': 'Reverse Holofoil'}, {'low_price': 0.01, 'mid_price': 0.15, 'high_price': 19.98, 'updated_at': '2026-06-14T08:36:45.258668', 'market_price': 0.1, 'direct_low_price': 0.01, 'sub_type_name': 'Normal'}]",https://www.tcgplayer.com/product/684369,Dartrix,"[{'avg': 0.09, 'low': 0.02, 'avg1': 0.14, 'avg7': 0.1, 'avg30': 0.09, 'trend': 0.1, 'updated_at': '2026-06-14T08:19:40.768659', 'variant_type': 'holo'}, {'avg': 0.04, 'low': 0.02, 'avg1': 0.06, 'avg7': 0.04, 'avg30': 0.03, 'trend': 0.04, 'updated_at': '2026-06-14T08:19:40.768659', 'variant_type': 'normal'}]",https://www.cardmarket.com/en/Pokemon/Products/Singles/Perfect-Order/Dartrix-POR011,
Card,pk_3865e34f43cad95b385ce4f3cea943f18e0f321de672a2e59aa40853be9028a614d4440bd4ba1ddb102e71c224b96f,Potion,Potion,ME03: Perfect Order,POR,24587,083/088,Common,Trainer - Item,,,,[],,,,"[{'low_price': 0.01, 'mid_price': 0.23, 'high_price': 50, 'updated_at': '2026-06-14T08:36:45.258668', 'market_price': 0.26, 'direct_low_price': 0.22, 'sub_type_name': 'Reverse Holofoil'}, {'low_price': 0.01, 'mid_price': 0.15, 'high_price': 17.7, 'updated_at': '2026-06-14T08:36:45.258668', 'market_price': 0.12, 'direct_low_price': 0.01, 'sub_type_name': 'Normal'}]",https://www.tcgplayer.com/product/684320,Potion,"[{'avg': 0.09, 'low': 0.02, 'avg1': 0.09, 'avg7': 0.09, 'avg30': 0.1, 'trend': 0.08, 'updated_at': '2026-06-14T08:19:40.768659', 'variant_type': 'holo'}, {'avg': 0.05, 'low': 0.02, 'avg1': 0.04, 'avg7': 0.04, 'avg30': 0.05, 'trend': 0.02, 'updated_at': '2026-06-14T08:19:40.768659', 'variant_type': 'normal'}]",https://www.cardmarket.com/en/Pokemon/Products/Singles/Perfect-Order/Potion-POR083,
Card,pk_93052fdad6c499b3a7a2ad3515933f4ecbee51857be98eb721ac6d84513a0f02b62a8e7746d263d1139ed65a13e9cf,Talonflame - 014/088,Talonflame,ME03: Perfect Order,POR,24587,014/088,Uncommon,Fire,150.0,Stage 2,,['[RR] Fire Wing (110)'],Lx2,F-30,1.0,"[{'low_price': 0.01, 'mid_price': 0.26, 'high_price': 19.98, 'updated_at': '2026-06-14T08:36:45.258668', 'market_price': 0.28, 'direct_low_price': 0.39, 'sub_type_name': 'Reverse Holofoil'}, {'low_price': 0.01, 'mid_price': 0.15, 'high_price': 19.98, 'updated_at': '2026-06-14T08:36:45.258668', 'market_price': 0.08, 'direct_low_price': 0.01, 'sub_type_name': 'Normal'}]",https://www.tcgplayer.com/product/684405,Talonflame,"[{'avg': 0.11, 'low': 0.02, 'avg1': 0.1, 'avg7': 0.11, 'avg30': 0.11, 'trend': 0.12, 'updated_at': '2026-06-14T08:19:40.768659', 'variant_type': 'holo'}, {'avg': 0.03, 'low': 0.02, 'avg1': 0.1, 'avg7': 0.03, 'avg30': 0.03, 'trend': 0.04, 'updated_at': '2026-06-14T08:19:40.768659', 'variant_type': 'normal'}]",https://www.cardmarket.com/en/Pokemon/Products/Singles/Perfect-Order/Talonflame-V1-POR014,
Card,pk_46deed69f565a8bcb59a3eb1fa6cb34527015ce84bbfc94e9b783d86b204b8e279cebb05f7f101af4f7d4089ac24a7,Nosepass,Nosepass,ME03: Perfect Order,POR,24587,037/088,Common,Fighting,90.0,Basic,,['[FF] Rolling Rocks (40)'],Gx2,,3.0,"[{'low_price': 0.01, 'mid_price': 0.13, 'high_price': 25, 'updated_at': '2026-06-14T08:36:45.258668', 'market_price': 0.08, 'direct_low_price': 0.01, 'sub_type_name': 'Normal'}, {'low_price': 0.01, 'mid_price': 0.2, 'high_price': 25, 'updated_at': '2026-06-14T08:36:45.258668', 'market_price': 0.21, 'direct_low_price': 0.18, 'sub_type_name': 'Reverse Holofoil'}]",https://www.tcgplayer.com/product/684422,Nosepass,"[{'avg': 0.09, 'low': 0.02, 'avg1': 0.13, 'avg7': 0.09, 'avg30': 0.09, 'trend': 0.09, 'updated_at': '2026-06-14T08:19:40.768659', 'variant_type': 'holo'}, {'avg': 0.03, 'low': 0.02, 'avg1': 0.02, 'avg7': 0.02, 'avg30': 0.03, 'trend': 0.02, 'updated_at': '2026-06-14T08:19:40.768659', 'variant_type': 'normal'}]",https://www.cardmarket.com/en/Pokemon/Products/Singles/Perfect-Order/Nosepass-POR037,
Card,pk_32d70a888d83b56d91d5a244f43cd232b319c4b8ef67b0db33754e585c8da1227b5fd6831d08cc4f2794ca47ab67cd,Clefairy - 094/088,Clefairy,ME03: Perfect Order,POR,24587,094/088,Shiny Rare,Psychic,70.0,Basic,,"[""[P] Follow Me<br> Switch in 1 of your opponent's Benched Pokémon to the Active Spot."", '[PP] Flop (30)']",Mx2,,1.0,"[{'low_price': 25, 'mid_price': 32.74, 'high_price': 4321, 'updated_at': '2026-06-14T08:36:45.258668', 'market_price': 27.31, 'direct_low_price': None, 'sub_type_name': 'Holofoil'}]",https://www.tcgplayer.com/product/684415,Clefairy,"[{'avg': 23.73, 'low': 11.8, 'avg1': 27.9, 'avg7': 24.9, 'avg30': 23.77, 'trend': 24.47, 'updated_at': '2026-06-14T08:19:40.768659', 'variant_type': 'normal'}, {'avg': None, 'low': None, 'avg1': None, 'avg7': None, 'avg30': None, 'trend': 0, 'updated_at': '2026-06-14T08:19:40.768659', 'variant_type': 'holo'}]",https://www.cardmarket.com/en/Pokemon/Products/Singles/Perfect-Order/Clefairy-V2-POR094,
Card,pk_1465f56333a12980808eda98d61d85b73485fbb29a05714c42a2a83c59208eefcdb84832e8d5e985d5016b5b818c93,Dewgong,Dewgong,ME03: Perfect Order,POR,24587,019/088,Rare,Water,130.0,Stage 1,,['[WW] Wave Splash (60)'],Lx2,,2.0,"[{'low_price': 0.01, 'mid_price': 0.16, 'high_price': 19.98, 'updated_at': '2026-06-14T08:36:45.258668', 'market_price': 0.13, 'direct_low_price': 0.05, 'sub_type_name': 'Holofoil'}, {'low_price': 0.01, 'mid_price': 0.25, 'high_price': 19.98, 'updated_at': '2026-06-14T08:36:45.258668', 'market_price': 0.28, 'direct_low_price': 0.25, 'sub_type_name': 'Reverse Holofoil'}]",https://www.tcgplayer.com/product/684373,Dewgong,"[{'avg': 0.06, 'low': 0.02, 'avg1': 0.12, 'avg7': 0.06, 'avg30': 0.05, 'trend': 0.06, 'updated_at': '2026-06-14T08:19:40.768659', 'variant_type': 'normal'}, {'avg': 0.12, 'low': 0.02, 'avg1': 0.09, 'avg7': 0.09, 'avg30': 0.11, 'trend': 0.08, 'updated_at': '2026-06-14T08:19:40.768659', 'variant_type': 'holo'}]",https://www.cardmarket.com/en/Pokemon/Products/Singles/Perfect-Order/Dewgong-POR019,
Card,pk_9c78c348eb53c670c480b427c648debffbfb682439920a05b70fffdbb2afc25818239a3a40b57abf65caf4faa572ec,Hawlucha,Hawlucha,ME03: Perfect Order,POR,24587,046/088,Common,Fighting,70.0,Basic,,"['[F] Vengeful Kick (30+)<br> If your Benched Pokémon have any damage counters on them, this attack does 60 more damage.']",Px2,,0.0,"[{'low_price': 0.01, 'mid_price': 0.23, 'high_price': 17.7, 'updated_at': '2026-06-14T08:36:45.258668', 'market_price': 0.25, 'direct_low_price': 0.1, 'sub_type_name': 'Reverse Holofoil'}, {'low_price': 0.01, 'mid_price': 0.15, 'high_price': 20, 'updated_at': '2026-06-14T08:36:45.258668', 'market_price': 0.04, 'direct_low_price': 0.01, 'sub_type_name': 'Normal'}]",https://www.tcgplayer.com/product/684428,Hawlucha,"[{'avg': 0.03, 'low': 0.02, 'avg1': 0.02, 'avg7': 0.03, 'avg30': 0.03, 'trend': 0.03, 'updated_at': '2026-06-14T08:19:40.768659', 'variant_type': 'normal'}, {'avg': 0.09, 'low': 0.02, 'avg1': 0.06, 'avg7': 0.07, 'avg30': 0.09, 'trend': 0.08, 'updated_at': '2026-06-14T08:19:40.768659', 'variant_type': 'holo'}]",https://www.cardmarket.com/en/Pokemon/Products/Singles/Perfect-Order/Hawlucha-POR046,
Card,pk_cedb12face27b73fdb31940296ca74c50f83b0cf1c759b240f237063e4ac373b4e18b09eff0f23d8651033820289,Servine,Servine,ME03: Perfect Order,POR,24587,005/088,Common,Grass,100.0,Stage 1,,['[G] Solar Cutter (40)'],Rx2,,1.0,"[{'low_price': 0.01, 'mid_price': 0.23, 'high_price': 17.7, 'updated_at': '2026-06-14T08:36:45.258668', 'market_price': 0.23, 'direct_low_price': 0.2, 'sub_type_name': 'Reverse Holofoil'}, {'low_price': 0.01, 'mid_price': 0.13, 'high_price': 17.7, 'updated_at': '2026-06-14T08:36:45.258668', 'market_price': 0.09, 'direct_low_price': 0.01, 'sub_type_name': 'Normal'}]",https://www.tcgplayer.com/product/684401,Servine,"[{'avg': 0.03, 'low': 0.02, 'avg1': 0.03, 'avg7': 0.04, 'avg30': 0.03, 'trend': 0.04, 'updated_at': '2026-06-14T08:19:40.768659', 'variant_type': 'normal'}, {'avg': 0.08, 'low': 0.02, 'avg1': 0.09, 'avg7': 0.08, 'avg30': 0.09, 'trend': 0.09, 'updated_at': '2026-06-14T08:19:40.768659', 'variant_type': 'holo'}]",https://www.cardmarket.com/en/Pokemon/Products/Singles/Perfect-Order/Servine-POR005,
Card,pk_1e6522572a390cd7e5c23e5ecf2c9fac8b120535aa82c09d4f9984b7b812f64608d4cba43f14b12fd4e67b9b11085c,Yveltal ex - 053/088,Yveltal ex,ME03: Perfect Order,POR,24587,053/088,Double Rare,Darkness,210.0,Basic,,"[""[DDC] Soul Destroyer<br> Knock Out each of your opponent's Pokémon that has 50 HP or less remaining."", ""[DDC] Dark Strike (210)<br> During your next turn, this Pokémon can't use Dark Strike.""]",Lx2,F-30,1.0,"[{'low_price': 0.1, 'mid_price': 0.6, 'high_price': 4321, 'updated_at': '2026-06-14T08:36:45.258668', 'market_price': 0.41, 'direct_low_price': None, 'sub_type_name': 'Holofoil'}]",https://www.tcgplayer.com/product/684386,Yveltal ex,"[{'avg': None, 'low': None, 'avg1': None, 'avg7': None, 'avg30': None, 'trend': 0, 'updated_at': '2026-06-14T08:19:40.768659', 'variant_type': 'holo'}, {'avg': 0.47, 'low': 0.02, 'avg1': 0.47, 'avg7': 0.47, 'avg30': 0.46, 'trend': 0.5, 'updated_at': '2026-06-14T08:19:40.768659', 'variant_type': 'normal'}]",https://www.cardmarket.com/en/Pokemon/Products/Singles/Perfect-Order/Yveltal-ex-V1-POR053,
Card,pk_16b1f8e487224c4f4739bc4f27f36d06e8320bd6d404951b46129a0e495355739dc5666a5f92f1d93fab1f3a2d9ee3,Raticate - 061/088,Raticate,ME03: Perfect Order,POR,24587,061/088,Uncommon,Colorless,90.0,Stage 1,,"[""[C] Scrape Off (20)<br> Before doing damage, discard all Pokémon Tools from your opponent's Active Pokémon."", '[C] Retaliatory Incisors (40x)<br> This attack does 40 damage for each damage counter on all of your Benched Rattata.']",Fx2,,1.0,"[{'low_price': 0.01, 'mid_price': 0.23, 'high_price': 17.7, 'updated_at': '2026-06-14T08:36:45.258668', 'market_price': 0.26, 'direct_low_price': 0.23, 'sub_type_name': 'Reverse Holofoil'}, {'low_price': 0.01, 'mid_price': 0.13, 'high_price': 17.7, 'updated_at': '2026-06-14T08:36:45.258668', 'market_price': 0.05, 'direct_low_price': 0.01, 'sub_type_name': 'Normal'}]",https://www.tcgplayer.com/product/684438,Raticate,"[{'avg': 0.03, 'low': 0.02, 'avg1': 0.02, 'avg7': 0.02, 'avg30': 0.02, 'trend': 0.03, 'updated_at': '2026-06-14T08:19:40.768659', 'variant_type': 'normal'}, {'avg': 0.08, 'low': 0.02, 'avg1': 0.08, 'avg7': 0.08, 'avg30': 0.08, 'trend': 0.07, 'updated_at': '2026-06-14T08:19:40.768659', 'variant_type': 'holo'}]",https://www.cardmarket.com/en/Pokemon/Products/Singles/Perfect-Order/Raticate-V1-POR061,
Card,pk_b4bf29555621546f9cf695b84df69a6cbb955887b32df113d95128bb9b529374db58921a2ac49f1bc4eb23a0cd726f,Doublade - 057/088,Doublade,ME03: Perfect Order,POR,24587,057/088,Common,Metal,100.0,Stage 1,,"['[CC] Weaponized Swords (60x)<br> Reveal any number of Honedge, Doublade, and Aegislash from your hand, and this attack does 60 damage for each card you revealed in this way.']",Rx2,G-30,2.0,"[{'low_price': 0.01, 'mid_price': 0.15, 'high_price': 19.98, 'updated_at': '2026-06-14T08:36:45.258668', 'market_price': 0.06, 'direct_low_price': 0.05, 'sub_type_name': 'Normal'}, {'low_price': 0.01, 'mid_price': 0.25, 'high_price': 17.7, 'updated_at': '2026-06-14T08:36:45.258668', 'market_price': 0.24, 'direct_low_price': 0.24, 'sub_type_name': 'Reverse Holofoil'}]",https://www.tcgplayer.com/product/684379,Doublade,"[{'avg': 0.03, 'low': 0.02, 'avg1': 0.02, 'avg7': 0.02, 'avg30': 0.03, 'trend': 0.03, 'updated_at': '2026-06-14T08:19:40.768659', 'variant_type': 'normal'}, {'avg': 0.1, 'low': 0.02, 'avg1': 0.12, 'avg7': 0.09, 'avg30': 0.1, 'trend': 0.09, 'updated_at': '2026-06-14T08:19:40.768659', 'variant_type': 'holo'}]",https://www.cardmarket.com/en/Pokemon/Products/Singles/Perfect-Order/Doublade-V1-POR057,
